image_path,predicted_class,probability
data/original/prymnesiophyceae/D20160706T125255_IFCB107_01347.png,prymnesiophyceae,0.8900786638259888
data/original/prymnesiophyceae/D20160706T045145_IFCB107_00245.png,prymnesiophyceae,0.8699544668197632
data/original/prymnesiophyceae/D20160705T202753_IFCB107_00773.png,prymnesiophyceae,0.8916884064674377
data/original/prymnesiophyceae/D20160705T223623_IFCB107_00315.png,prymnesiophyceae,0.9221808314323425
data/original/prymnesiophyceae/D20160707T214300_IFCB107_00792.png,prymnesiophyceae,0.916330099105835
data/original/prymnesiophyceae/D20160705T223623_IFCB107_00809.png,prymnesiophyceae,0.9012918472290039
data/original/prymnesiophyceae/D20160705T205351_IFCB107_00200.png,prymnesiophyceae,0.8905727863311768
data/original/prymnesiophyceae/D20160705T214443_IFCB107_00778.png,prymnesiophyceae,0.89610356092453
data/original/prymnesiophyceae/D20160705T221017_IFCB107_00563.png,prymnesiophyceae,0.9432685375213623
data/original/prymnesiophyceae/D20160707T224232_IFCB107_00635.png,prymnesiophyceae,0.9232901334762573
data/original/prymnesiophyceae/D20160705T221017_IFCB107_00316.png,prymnesiophyceae,0.8473416566848755
data/original/prymnesiophyceae/D20160706T045145_IFCB107_01053.png,prymnesiophyceae,0.890657901763916
data/original/prymnesiophyceae/D20160706T163523_IFCB107_00019.png,prymnesiophyceae,0.8276702761650085
data/original/prymnesiophyceae/D20160706T045145_IFCB107_00074.png,prymnesiophyceae,0.8849738836288452
data/original/prymnesiophyceae/D20160706T042556_IFCB107_00548.png,prymnesiophyceae,0.8740485906600952
data/original/prymnesiophyceae/D20160706T125255_IFCB107_01162.png,prymnesiophyceae,0.9101276993751526
data/original/prymnesiophyceae/D20160705T221017_IFCB107_00453.png,prymnesiophyceae,0.9099641442298889
data/original/prymnesiophyceae/D20160705T214443_IFCB107_00420.png,prymnesiophyceae,0.9168425798416138
data/original/prymnesiophyceae/D20160705T202753_IFCB107_00113.png,prymnesiophyceae,0.9006227850914001
data/original/prymnesiophyceae/D20160706T125255_IFCB107_01150.png,prymnesiophyceae,0.8963602185249329
data/original/prymnesiophyceae/D20160705T202753_IFCB107_00877.png,prymnesiophyceae,0.8969717621803284
data/original/prymnesiophyceae/D20160705T205351_IFCB107_00355.png,prymnesiophyceae,0.881931483745575
data/original/prymnesiophyceae/D20160705T223623_IFCB107_00762.png,prymnesiophyceae,0.9359813332557678
data/original/prymnesiophyceae/D20160705T221017_IFCB107_00413.png,prymnesiophyceae,0.9021773338317871
data/original/prymnesiophyceae/D20160705T202753_IFCB107_00377.png,prymnesiophyceae,0.8860793709754944
data/original/prymnesiophyceae/D20160705T214443_IFCB107_00414.png,prymnesiophyceae,0.8927013874053955
data/original/prymnesiophyceae/D20160706T125255_IFCB107_00841.png,prymnesiophyceae,0.8947548866271973
data/original/prymnesiophyceae/D20160706T125255_IFCB107_00802.png,prymnesiophyceae,0.9002276062965393
data/original/prymnesiophyceae/D20160706T220341_IFCB107_00169.png,prymnesiophyceae,0.925286054611206
data/original/prymnesiophyceae/D20160706T042556_IFCB107_00097.png,prymnesiophyceae,0.8784266114234924
data/original/prymnesiophyceae/D20160705T202753_IFCB107_02884.png,prymnesiophyceae,0.8931190371513367
data/original/prymnesiophyceae/D20160705T221017_IFCB107_00058.png,prymnesiophyceae,0.8928055167198181
data/original/prymnesiophyceae/D20160705T205351_IFCB107_00548.png,prymnesiophyceae,0.8770914673805237
data/original/prymnesiophyceae/D20160706T042556_IFCB107_00028.png,prymnesiophyceae,0.9069061279296875
data/original/prymnesiophyceae/D20160707T214300_IFCB107_00431.png,prymnesiophyceae,0.9012954235076904
data/original/prymnesiophyceae/D20160707T185653_IFCB107_00584.png,prymnesiophyceae,0.8878883719444275
data/original/prymnesiophyceae/D20160706T222908_IFCB107_00553.png,prymnesiophyceae,0.9370349645614624
data/original/prymnesiophyceae/D20160705T202753_IFCB107_00026.png,prymnesiophyceae,0.8923702836036682
data/original/prymnesiophyceae/D20160705T214443_IFCB107_00256.png,prymnesiophyceae,0.8949277400970459
data/original/prymnesiophyceae/D20160705T202753_IFCB107_00852.png,prymnesiophyceae,0.8791911602020264
data/original/prymnesiophyceae/D20160707T211424_IFCB107_00420.png,prymnesiophyceae,0.8660628795623779
data/original/prymnesiophyceae/D20160706T125255_IFCB107_00554.png,prymnesiophyceae,0.8715837001800537
data/original/prymnesiophyceae/D20160706T042556_IFCB107_00570.png,prymnesiophyceae,0.887514054775238
data/original/prymnesiophyceae/D20160706T042556_IFCB107_00765.png,prymnesiophyceae,0.8863653540611267
data/original/prymnesiophyceae/D20160706T042556_IFCB107_00526.png,prymnesiophyceae,0.8823434710502625
data/original/prymnesiophyceae/D20160706T042556_IFCB107_00214.png,prymnesiophyceae,0.8888911604881287
data/original/prymnesiophyceae/D20160706T042556_IFCB107_00668.png,prymnesiophyceae,0.9276744723320007
data/original/prymnesiophyceae/D20160705T202753_IFCB107_00132.png,prymnesiophyceae,0.9026722311973572
data/original/prymnesiophyceae/D20160706T042556_IFCB107_00332.png,prymnesiophyceae,0.8840662240982056
data/original/prymnesiophyceae/D20160706T045145_IFCB107_00138.png,prymnesiophyceae,0.8894227743148804
data/original/prymnesiophyceae/D20160705T205351_IFCB107_00413.png,prymnesiophyceae,0.9092522859573364
data/original/prymnesiophyceae/D20160706T125255_IFCB107_02484.png,prymnesiophyceae,0.9108790159225464
data/original/prymnesiophyceae/D20160707T192444_IFCB107_00952.png,prymnesiophyceae,0.8847996592521667
data/original/prymnesiophyceae/D20160706T042556_IFCB107_00210.png,prymnesiophyceae,0.8920900225639343
data/original/prymnesiophyceae/D20160706T042556_IFCB107_00595.png,prymnesiophyceae,0.8885515332221985
data/original/prymnesiophyceae/D20160707T185653_IFCB107_00784.png,prymnesiophyceae,0.9086752533912659
data/original/prymnesiophyceae/D20160706T045145_IFCB107_00362.png,prymnesiophyceae,0.8675307035446167
data/original/prymnesiophyceae/D20160706T045145_IFCB107_00791.png,prymnesiophyceae,0.8935183882713318
data/original/prymnesiophyceae/D20160705T223623_IFCB107_00256.png,prymnesiophyceae,0.9249359965324402
data/original/prymnesiophyceae/D20160706T042556_IFCB107_00854.png,prymnesiophyceae,0.9239940047264099
data/original/prymnesiophyceae/D20160706T125255_IFCB107_00334.png,prymnesiophyceae,0.7549728155136108
data/original/prymnesiophyceae/D20160705T232635_IFCB107_00091.png,prymnesiophyceae,0.8928209543228149
data/original/prymnesiophyceae/D20160706T042556_IFCB107_00026.png,prymnesiophyceae,0.8963981866836548
data/original/prymnesiophyceae/D20160705T214443_IFCB107_00829.png,prymnesiophyceae,0.8753938674926758
data/original/prymnesiophyceae/D20160705T223623_IFCB107_00378.png,prymnesiophyceae,0.9057064652442932
data/original/prymnesiophyceae/D20160705T223623_IFCB107_00126.png,prymnesiophyceae,0.8969683647155762
data/original/prymnesiophyceae/D20160705T232635_IFCB107_00297.png,prymnesiophyceae,0.8904924392700195
data/original/prymnesiophyceae/D20160706T134338_IFCB107_00230.png,prymnesiophyceae,0.8886798620223999
data/original/prymnesiophyceae/D20160706T160929_IFCB107_00121.png,prymnesiophyceae,0.9245259165763855
data/original/prymnesiophyceae/D20160706T134338_IFCB107_00426.png,prymnesiophyceae,0.9004607796669006
data/original/prymnesiophyceae/D20160706T042556_IFCB107_00201.png,prymnesiophyceae,0.8902187943458557
data/original/prymnesiophyceae/D20160706T023442_IFCB107_00152.png,prymnesiophyceae,0.8771591186523438
data/original/prymnesiophyceae/D20160705T223623_IFCB107_00096.png,prymnesiophyceae,0.913314163684845
data/original/prymnesiophyceae/D20160705T202753_IFCB107_00504.png,prymnesiophyceae,0.9080985188484192
data/original/prymnesiophyceae/D20160707T161116_IFCB107_00707.png,prymnesiophyceae,0.8879005908966064
data/original/prymnesiophyceae/D20160706T125255_IFCB107_00281.png,prymnesiophyceae,0.9152060151100159
data/original/prymnesiophyceae/D20160706T045145_IFCB107_00379.png,prymnesiophyceae,0.8968771696090698
data/original/prymnesiophyceae/D20160706T125255_IFCB107_00083.png,prymnesiophyceae,0.9396303296089172
data/original/prymnesiophyceae/D20160706T122505_IFCB107_00668.png,prymnesiophyceae,0.8232704997062683
data/original/prymnesiophyceae/D20160705T232635_IFCB107_00716.png,prymnesiophyceae,0.8772470355033875
data/original/prymnesiophyceae/D20160705T214443_IFCB107_00543.png,prymnesiophyceae,0.8668437004089355
data/original/prymnesiophyceae/D20160705T214443_IFCB107_00030.png,prymnesiophyceae,0.9127002358436584
data/original/prymnesiophyceae/D20160705T223623_IFCB107_00701.png,prymnesiophyceae,0.8867623805999756
data/original/prymnesiophyceae/D20160705T205351_IFCB107_00523.png,prymnesiophyceae,0.9395663142204285
data/original/prymnesiophyceae/D20160706T042556_IFCB107_00971.png,prymnesiophyceae,0.8797729015350342
data/original/prymnesiophyceae/D20160706T042556_IFCB107_00641.png,prymnesiophyceae,0.8999898433685303
data/original/prymnesiophyceae/D20160706T125255_IFCB107_01692.png,prymnesiophyceae,0.9132142663002014
data/original/prymnesiophyceae/D20160706T045145_IFCB107_00811.png,prymnesiophyceae,0.8623222708702087
data/original/prymnesiophyceae/D20160707T161116_IFCB107_00998.png,prymnesiophyceae,0.8884826302528381
data/original/prymnesiophyceae/D20160705T214443_IFCB107_00268.png,prymnesiophyceae,0.8797794580459595
data/original/prymnesiophyceae/D20160706T045145_IFCB107_00858.png,prymnesiophyceae,0.9317890405654907
data/original/prymnesiophyceae/D20160705T205351_IFCB107_00216.png,prymnesiophyceae,0.8910205364227295
data/original/prymnesiophyceae/D20160706T042556_IFCB107_00644.png,prymnesiophyceae,0.8802052736282349
data/original/prymnesiophyceae/D20160705T221017_IFCB107_00584.png,prymnesiophyceae,0.889643132686615
data/original/prymnesiophyceae/D20160706T122505_IFCB107_00588.png,prymnesiophyceae,0.8913345336914062
data/original/prymnesiophyceae/D20160706T045145_IFCB107_00008.png,prymnesiophyceae,0.8969067335128784
data/original/prymnesiophyceae/D20160705T221017_IFCB107_00304.png,prymnesiophyceae,0.9115747213363647
data/original/prymnesiophyceae/D20160705T205351_IFCB107_00497.png,prymnesiophyceae,0.8904295563697815
data/original/prymnesiophyceae/D20160705T205351_IFCB107_00537.png,prymnesiophyceae,0.8725992441177368
data/original/prymnesiophyceae/D20160706T042556_IFCB107_00583.png,prymnesiophyceae,0.8893490433692932
data/original/prymnesiophyceae/D20160707T161116_IFCB107_00191.png,prymnesiophyceae,0.8882076740264893
data/original/prymnesiophyceae/D20160706T125255_IFCB107_02798.png,prymnesiophyceae,0.9444988369941711
data/original/prymnesiophyceae/D20160705T232635_IFCB107_00319.png,prymnesiophyceae,0.8911425471305847
data/original/prymnesiophyceae/D20160705T232635_IFCB107_00535.png,prymnesiophyceae,0.8903239965438843
data/original/prymnesiophyceae/D20160706T045145_IFCB107_01446.png,prymnesiophyceae,0.9233124256134033
data/original/prymnesiophyceae/D20160705T205351_IFCB107_00278.png,prymnesiophyceae,0.914810061454773
data/original/prymnesiophyceae/D20160706T045145_IFCB107_00052.png,prymnesiophyceae,0.8973416090011597
data/original/prymnesiophyceae/D20160705T202753_IFCB107_00222.png,prymnesiophyceae,0.9035471677780151
data/original/prymnesiophyceae/D20160706T125255_IFCB107_01008.png,prymnesiophyceae,0.9018555879592896
data/original/prymnesiophyceae/D20160706T134338_IFCB107_00247.png,prymnesiophyceae,0.9382761120796204
data/original/prymnesiophyceae/D20160705T202753_IFCB107_00998.png,prymnesiophyceae,0.9125680923461914
data/original/prymnesiophyceae/D20160706T042556_IFCB107_00457.png,prymnesiophyceae,0.8886739015579224
data/original/prymnesiophyceae/D20160705T202753_IFCB107_00658.png,prymnesiophyceae,0.8674163222312927
data/original/prymnesiophyceae/D20160705T202753_IFCB107_00846.png,prymnesiophyceae,0.8533701300621033
data/original/prymnesiophyceae/D20160706T045145_IFCB107_00200.png,prymnesiophyceae,0.919394850730896
data/original/prymnesiophyceae/D20160706T122505_IFCB107_00848.png,prymnesiophyceae,0.8982262015342712
data/original/prymnesiophyceae/D20160706T222908_IFCB107_01227.png,prymnesiophyceae,0.9323599934577942
data/original/prymnesiophyceae/D20160706T045145_IFCB107_00230.png,prymnesiophyceae,0.8979334831237793
data/original/prymnesiophyceae/D20160706T045145_IFCB107_00482.png,prymnesiophyceae,0.8833950161933899
data/original/prymnesiophyceae/D20160705T214443_IFCB107_00262.png,prymnesiophyceae,0.8793330788612366
data/original/prymnesiophyceae/D20160706T045145_IFCB107_00646.png,prymnesiophyceae,0.9372725486755371
data/original/prymnesiophyceae/D20160706T042556_IFCB107_01065.png,prymnesiophyceae,0.8926242589950562
data/original/prymnesiophyceae/D20160706T125255_IFCB107_01998.png,prymnesiophyceae,0.9294238686561584
data/original/prymnesiophyceae/D20160705T223623_IFCB107_00213.png,prymnesiophyceae,0.9001060128211975
data/original/prymnesiophyceae/D20160706T125255_IFCB107_02692.png,prymnesiophyceae,0.9248208403587341
data/original/prymnesiophyceae/D20160705T230123_IFCB107_00066.png,prymnesiophyceae,0.8871817588806152
data/original/prymnesiophyceae/D20160705T205351_IFCB107_00286.png,prymnesiophyceae,0.9128438830375671
data/original/prymnesiophyceae/D20160706T134338_IFCB107_00670.png,prymnesiophyceae,0.9107764363288879
data/original/prymnesiophyceae/D20160705T232635_IFCB107_00099.png,prymnesiophyceae,0.9097583889961243
data/original/prymnesiophyceae/D20160705T202753_IFCB107_00931.png,prymnesiophyceae,0.8911258578300476
data/original/prymnesiophyceae/D20160705T202753_IFCB107_00263.png,prymnesiophyceae,0.8920437097549438
data/original/prymnesiophyceae/D20160705T202753_IFCB107_00947.png,prymnesiophyceae,0.8747976422309875
data/original/prymnesiophyceae/D20160705T214443_IFCB107_00251.png,prymnesiophyceae,0.9274392127990723
data/original/prymnesiophyceae/D20160705T214443_IFCB107_00342.png,prymnesiophyceae,0.8632053732872009
data/original/prymnesiophyceae/D20160705T232635_IFCB107_00090.png,prymnesiophyceae,0.9110678434371948
data/original/prymnesiophyceae/D20160706T125255_IFCB107_02696.png,prymnesiophyceae,0.9025227427482605
data/original/prymnesiophyceae/D20160706T045145_IFCB107_00748.png,prymnesiophyceae,0.8916698694229126
data/original/prymnesiophyceae/D20160705T205351_IFCB107_00229.png,prymnesiophyceae,0.9062033891677856
data/original/prymnesiophyceae/D20160706T122505_IFCB107_02279.png,prymnesiophyceae,0.9081624150276184
data/original/prymnesiophyceae/D20160705T202753_IFCB107_00830.png,prymnesiophyceae,0.8964395523071289
data/original/prymnesiophyceae/D20160706T042556_IFCB107_00270.png,prymnesiophyceae,0.8795600533485413
data/original/prymnesiophyceae/D20160706T225526_IFCB107_00084.png,prymnesiophyceae,0.8908633589744568
data/original/prymnesiophyceae/D20160706T045145_IFCB107_00167.png,prymnesiophyceae,0.9045610427856445
data/original/prymnesiophyceae/D20160706T042556_IFCB107_00394.png,prymnesiophyceae,0.9052027463912964
data/original/prymnesiophyceae/D20160705T214443_IFCB107_00394.png,prymnesiophyceae,0.9336928129196167
data/original/prymnesiophyceae/D20160706T045145_IFCB107_00323.png,prymnesiophyceae,0.9216808080673218
data/original/prymnesiophyceae/D20160705T214443_IFCB107_00066.png,prymnesiophyceae,0.8964497447013855
data/original/prymnesiophyceae/D20160705T202753_IFCB107_00066.png,prymnesiophyceae,0.9031326770782471
data/original/prymnesiophyceae/D20160706T045145_IFCB107_00803.png,prymnesiophyceae,0.8755301833152771
data/original/prymnesiophyceae/D20160706T125255_IFCB107_00331.png,prymnesiophyceae,0.9066216349601746
data/original/prymnesiophyceae/D20160706T045145_IFCB107_00592.png,prymnesiophyceae,0.8967030048370361
data/original/prymnesiophyceae/D20160706T134338_IFCB107_01186.png,prymnesiophyceae,0.8954131007194519
data/original/prymnesiophyceae/D20160706T042556_IFCB107_00536.png,prymnesiophyceae,0.8916395306587219
data/original/prymnesiophyceae/D20160707T032334_IFCB107_00307.png,prymnesiophyceae,0.9158340096473694
data/original/prymnesiophyceae/D20160705T205351_IFCB107_00542.png,prymnesiophyceae,0.9030539393424988
data/original/prymnesiophyceae/D20160705T221017_IFCB107_00153.png,prymnesiophyceae,0.9066279530525208
data/original/prymnesiophyceae/D20160706T045145_IFCB107_00615.png,prymnesiophyceae,0.8751503229141235
data/original/prymnesiophyceae/D20160705T202753_IFCB107_00725.png,prymnesiophyceae,0.9137466549873352
data/original/prymnesiophyceae/D20160706T122505_IFCB107_03598.png,prymnesiophyceae,0.9152116775512695
data/original/prymnesiophyceae/D20160705T214443_IFCB107_00909.png,prymnesiophyceae,0.8973472118377686
data/original/prymnesiophyceae/D20160706T045145_IFCB107_00924.png,prymnesiophyceae,0.8974061608314514
data/original/prymnesiophyceae/D20160706T125255_IFCB107_01309.png,prymnesiophyceae,0.8827098608016968
data/original/prymnesiophyceae/D20160706T042556_IFCB107_00274.png,prymnesiophyceae,0.9079834818840027
data/original/prymnesiophyceae/D20160706T045145_IFCB107_00848.png,prymnesiophyceae,0.8745455741882324
data/original/prymnesiophyceae/D20160706T225526_IFCB107_00362.png,prymnesiophyceae,0.9251724481582642
data/original/prymnesiophyceae/D20160705T214443_IFCB107_00880.png,prymnesiophyceae,0.8671846985816956
data/original/prymnesiophyceae/D20160707T032334_IFCB107_00306.png,prymnesiophyceae,0.8972116708755493
data/original/prymnesiophyceae/D20160705T223623_IFCB107_00634.png,prymnesiophyceae,0.8960242867469788
data/original/prymnesiophyceae/D20160706T042556_IFCB107_00064.png,prymnesiophyceae,0.8871234059333801
data/original/prymnesiophyceae/D20160705T202753_IFCB107_00060.png,prymnesiophyceae,0.8908533453941345
data/original/prymnesiophyceae/D20160706T045145_IFCB107_00198.png,prymnesiophyceae,0.9069784879684448
data/original/prymnesiophyceae/D20160706T122505_IFCB107_01384.png,prymnesiophyceae,0.9033222198486328
data/original/prymnesiophyceae/D20160706T125255_IFCB107_01548.png,prymnesiophyceae,0.85516756772995
data/original/prymnesiophyceae/D20160705T205351_IFCB107_00114.png,prymnesiophyceae,0.8974789977073669
data/original/prymnesiophyceae/D20160705T202753_IFCB107_00841.png,prymnesiophyceae,0.8698898553848267
data/original/prymnesiophyceae/D20160707T224232_IFCB107_00251.png,prymnesiophyceae,0.9427659511566162
data/original/prymnesiophyceae/D20160706T045145_IFCB107_00115.png,prymnesiophyceae,0.8745982050895691
data/original/prymnesiophyceae/D20160705T202753_IFCB107_00276.png,prymnesiophyceae,0.8849818110466003
data/original/prymnesiophyceae/D20160706T035615_IFCB107_00439.png,prymnesiophyceae,0.909017026424408
data/original/prymnesiophyceae/D20160706T045145_IFCB107_00386.png,prymnesiophyceae,0.9060846567153931
data/original/prymnesiophyceae/D20160706T045145_IFCB107_00259.png,prymnesiophyceae,0.8767951726913452
data/original/prymnesiophyceae/D20160706T134338_IFCB107_00241.png,prymnesiophyceae,0.9002653956413269
data/original/prymnesiophyceae/D20160706T042556_IFCB107_00262.png,prymnesiophyceae,0.8669480085372925
data/original/prymnesiophyceae/D20160706T042556_IFCB107_00216.png,prymnesiophyceae,0.8913965821266174
data/original/prymnesiophyceae/D20160705T205351_IFCB107_00487.png,prymnesiophyceae,0.8999941349029541
data/original/prymnesiophyceae/D20160706T042556_IFCB107_00651.png,prymnesiophyceae,0.9032938480377197
data/original/prymnesiophyceae/D20160706T042556_IFCB107_00638.png,prymnesiophyceae,0.86580890417099
data/original/prymnesiophyceae/D20160705T202753_IFCB107_00079.png,prymnesiophyceae,0.9025455117225647
data/original/prymnesiophyceae/D20160706T052840_IFCB107_00665.png,prymnesiophyceae,0.9145834445953369
data/original/prymnesiophyceae/D20160705T232635_IFCB107_00020.png,prymnesiophyceae,0.9069541692733765
data/original/prymnesiophyceae/D20160706T042556_IFCB107_00939.png,prymnesiophyceae,0.9296230673789978
data/original/prymnesiophyceae/D20160706T045145_IFCB107_00730.png,prymnesiophyceae,0.9395895004272461
data/original/prymnesiophyceae/D20160705T202753_IFCB107_00360.png,prymnesiophyceae,0.9273314476013184
data/original/prymnesiophyceae/D20160706T045145_IFCB107_00445.png,prymnesiophyceae,0.9190714955329895
data/original/prymnesiophyceae/D20160705T202753_IFCB107_00423.png,prymnesiophyceae,0.8877266645431519
data/original/prymnesiophyceae/D20160707T161116_IFCB107_00122.png,prymnesiophyceae,0.8940916061401367
data/original/prymnesiophyceae/D20160705T202753_IFCB107_00750.png,prymnesiophyceae,0.8817047476768494
data/original/prymnesiophyceae/D20160705T232635_IFCB107_00127.png,prymnesiophyceae,0.9143218994140625
data/original/prymnesiophyceae/D20160705T232635_IFCB107_00227.png,prymnesiophyceae,0.8806053400039673
data/original/prymnesiophyceae/D20160706T045145_IFCB107_00782.png,prymnesiophyceae,0.9122572541236877
data/original/prymnesiophyceae/D20160706T134338_IFCB107_00108.png,prymnesiophyceae,0.9307842254638672
data/original/prymnesiophyceae/D20160705T205351_IFCB107_00272.png,prymnesiophyceae,0.8606984615325928
data/original/prymnesiophyceae/D20160705T202753_IFCB107_00673.png,prymnesiophyceae,0.93026202917099
data/original/prymnesiophyceae/D20160705T202753_IFCB107_01070.png,prymnesiophyceae,0.867862343788147
data/original/prymnesiophyceae/D20160706T125255_IFCB107_01666.png,prymnesiophyceae,0.9089954495429993
data/original/prymnesiophyceae/D20160706T042556_IFCB107_00350.png,prymnesiophyceae,0.879411518573761
data/original/prymnesiophyceae/D20160706T122505_IFCB107_02393.png,prymnesiophyceae,0.917914867401123
data/original/prymnesiophyceae/D20160706T134338_IFCB107_00591.png,prymnesiophyceae,0.9037079811096191
data/original/prymnesiophyceae/D20160704T161303_IFCB107_00125.png,prymnesiophyceae,0.8923394083976746
data/original/prymnesiophyceae/D20160706T045145_IFCB107_00251.png,prymnesiophyceae,0.8942476511001587
data/original/prymnesiophyceae/D20160706T042556_IFCB107_01042.png,prymnesiophyceae,0.8847075700759888
data/original/prymnesiophyceae/D20160707T185653_IFCB107_00299.png,prymnesiophyceae,0.8761347532272339
data/original/prymnesiophyceae/D20160707T201526_IFCB107_00593.png,prymnesiophyceae,0.9157153964042664
data/original/prymnesiophyceae/D20160706T122505_IFCB107_00264.png,prymnesiophyceae,0.9194806814193726
data/original/prymnesiophyceae/D20160705T205351_IFCB107_00204.png,prymnesiophyceae,0.8720352053642273
data/original/prymnesiophyceae/D20160706T125255_IFCB107_01791.png,prymnesiophyceae,0.8818568587303162
data/original/prymnesiophyceae/D20160705T202753_IFCB107_00607.png,prymnesiophyceae,0.8940805792808533
data/original/prymnesiophyceae/D20160705T232635_IFCB107_00171.png,prymnesiophyceae,0.8853827118873596
data/original/prymnesiophyceae/D20160705T223623_IFCB107_00997.png,prymnesiophyceae,0.9082211256027222
data/original/prymnesiophyceae/D20160705T230123_IFCB107_00018.png,prymnesiophyceae,0.9199808239936829
data/original/prymnesiophyceae/D20160706T045145_IFCB107_00923.png,prymnesiophyceae,0.8796875476837158
data/original/prymnesiophyceae/D20160705T205351_IFCB107_00435.png,prymnesiophyceae,0.8992153406143188
data/original/prymnesiophyceae/D20160706T134338_IFCB107_00069.png,prymnesiophyceae,0.9078580141067505
data/original/prymnesiophyceae/D20160706T042556_IFCB107_00763.png,prymnesiophyceae,0.8949579000473022
data/original/prymnesiophyceae/D20160705T202753_IFCB107_00584.png,prymnesiophyceae,0.8966240286827087
data/original/prymnesiophyceae/D20160706T125255_IFCB107_01978.png,prymnesiophyceae,0.8779261708259583
data/original/prymnesiophyceae/D20160707T194948_IFCB107_00842.png,prymnesiophyceae,0.8803198337554932
data/original/prymnesiophyceae/D20160705T232635_IFCB107_00300.png,prymnesiophyceae,0.9215747117996216
data/original/prymnesiophyceae/D20160707T221226_IFCB107_00313.png,prymnesiophyceae,0.89637690782547
data/original/prymnesiophyceae/D20160705T214443_IFCB107_00174.png,prymnesiophyceae,0.8972806930541992
data/original/prymnesiophyceae/D20160706T045145_IFCB107_00264.png,prymnesiophyceae,0.9215841293334961
data/original/prymnesiophyceae/D20160705T202753_IFCB107_00599.png,prymnesiophyceae,0.9075863361358643
data/original/prymnesiophyceae/D20160706T042556_IFCB107_00541.png,prymnesiophyceae,0.8703107237815857
data/original/prymnesiophyceae/D20160707T152538_IFCB107_00053.png,prymnesiophyceae,0.886816680431366
data/original/prymnesiophyceae/D20160705T214443_IFCB107_00269.png,prymnesiophyceae,0.9336771965026855
data/original/prymnesiophyceae/D20160706T222908_IFCB107_00870.png,prymnesiophyceae,0.9261286854743958
data/original/prymnesiophyceae/D20160706T042556_IFCB107_00339.png,prymnesiophyceae,0.8891928791999817
data/original/prymnesiophyceae/D20160706T045145_IFCB107_00959.png,prymnesiophyceae,0.9121063947677612
data/original/prymnesiophyceae/D20160707T185653_IFCB107_00719.png,prymnesiophyceae,0.9279807209968567
data/original/prymnesiophyceae/D20160705T205351_IFCB107_00289.png,prymnesiophyceae,0.8915961384773254
data/original/prymnesiophyceae/D20160705T202753_IFCB107_01167.png,prymnesiophyceae,0.9215050339698792
data/original/prymnesiophyceae/D20160706T042556_IFCB107_00954.png,prymnesiophyceae,0.9045236110687256
data/original/prymnesiophyceae/D20160705T205351_IFCB107_00567.png,prymnesiophyceae,0.8935965299606323
data/original/prymnesiophyceae/D20160706T122505_IFCB107_01977.png,prymnesiophyceae,0.8833566904067993
data/original/prymnesiophyceae/D20160705T202753_IFCB107_00417.png,prymnesiophyceae,0.9141679406166077
data/original/prymnesiophyceae/D20160705T232635_IFCB107_00389.png,prymnesiophyceae,0.8714092373847961
data/original/prymnesiophyceae/D20160706T225526_IFCB107_00864.png,prymnesiophyceae,0.9103988409042358
data/original/prymnesiophyceae/D20160707T233701_IFCB107_00059.png,prymnesiophyceae,0.8911522030830383
data/original/prymnesiophyceae/D20160705T214443_IFCB107_00032.png,prymnesiophyceae,0.9159693717956543
data/original/prymnesiophyceae/D20160705T223623_IFCB107_00853.png,prymnesiophyceae,0.934937596321106
data/original/prymnesiophyceae/D20160707T185653_IFCB107_00777.png,prymnesiophyceae,0.8779642581939697
data/original/prymnesiophyceae/D20160706T125255_IFCB107_01470.png,prymnesiophyceae,0.9183631539344788
data/original/prymnesiophyceae/D20160706T045145_IFCB107_00116.png,prymnesiophyceae,0.8745154142379761
data/original/prymnesiophyceae/D20160707T214300_IFCB107_00641.png,prymnesiophyceae,0.8971249461174011
data/original/prymnesiophyceae/D20160705T221017_IFCB107_00346.png,prymnesiophyceae,0.9116618037223816
data/original/prymnesiophyceae/D20160706T125255_IFCB107_03162.png,prymnesiophyceae,0.9112473726272583
data/original/prymnesiophyceae/D20160706T042556_IFCB107_00123.png,prymnesiophyceae,0.8980228900909424
data/original/prymnesiophyceae/D20160706T125255_IFCB107_00250.png,prymnesiophyceae,0.8910167217254639
data/original/prymnesiophyceae/D20160705T221017_IFCB107_00583.png,prymnesiophyceae,0.8885957598686218
data/original/prymnesiophyceae/D20160705T214443_IFCB107_00021.png,prymnesiophyceae,0.8830980062484741
data/original/prymnesiophyceae/D20160705T205351_IFCB107_00240.png,prymnesiophyceae,0.8873218894004822
data/original/prymnesiophyceae/D20160705T232635_IFCB107_00133.png,prymnesiophyceae,0.8909769058227539
data/original/prymnesiophyceae/D20160706T234838_IFCB107_00247.png,prymnesiophyceae,0.934801459312439
data/original/prymnesiophyceae/D20160706T045145_IFCB107_00208.png,prymnesiophyceae,0.8594685196876526
data/original/prymnesiophyceae/D20160706T225526_IFCB107_00044.png,prymnesiophyceae,0.9343927502632141
data/original/prymnesiophyceae/D20160706T134338_IFCB107_00315.png,prymnesiophyceae,0.8585461378097534
data/original/prymnesiophyceae/D20160707T161116_IFCB107_00903.png,prymnesiophyceae,0.8337371349334717
data/original/prymnesiophyceae/D20160705T202753_IFCB107_00863.png,prymnesiophyceae,0.8853402137756348
data/original/prymnesiophyceae/D20160706T042556_IFCB107_00670.png,prymnesiophyceae,0.8715928792953491
data/original/prymnesiophyceae/D20160705T202753_IFCB107_00452.png,prymnesiophyceae,0.9170177578926086
data/original/prymnesiophyceae/D20160705T205351_IFCB107_00526.png,prymnesiophyceae,0.9205846190452576
data/original/prymnesiophyceae/D20160706T122505_IFCB107_01614.png,prymnesiophyceae,0.9012788534164429
data/original/prymnesiophyceae/D20160705T232635_IFCB107_00245.png,prymnesiophyceae,0.9448111653327942
data/original/prymnesiophyceae/D20160706T045145_IFCB107_00597.png,prymnesiophyceae,0.8931634426116943
data/original/prymnesiophyceae/D20160705T223623_IFCB107_00691.png,prymnesiophyceae,0.896686851978302
data/original/prymnesiophyceae/D20160705T223623_IFCB107_00833.png,prymnesiophyceae,0.8937246799468994
data/original/prymnesiophyceae/D20160707T194948_IFCB107_00150.png,prymnesiophyceae,0.8764363527297974
data/original/prymnesiophyceae/D20160705T221017_IFCB107_00026.png,prymnesiophyceae,0.892679750919342
data/original/prymnesiophyceae/D20160706T125255_IFCB107_02522.png,prymnesiophyceae,0.9191516637802124
data/original/prymnesiophyceae/D20160705T221017_IFCB107_00525.png,prymnesiophyceae,0.8918803930282593
data/original/prymnesiophyceae/D20160706T134338_IFCB107_00285.png,prymnesiophyceae,0.8999870419502258
data/original/prymnesiophyceae/D20160706T042556_IFCB107_00585.png,prymnesiophyceae,0.8896728754043579
data/original/prymnesiophyceae/D20160706T045145_IFCB107_00161.png,prymnesiophyceae,0.925221860408783
data/original/prymnesiophyceae/D20160705T232635_IFCB107_00369.png,prymnesiophyceae,0.8625370264053345
data/original/prymnesiophyceae/D20160706T125255_IFCB107_00516.png,prymnesiophyceae,0.9344337582588196
data/original/prymnesiophyceae/D20160706T042556_IFCB107_00925.png,prymnesiophyceae,0.8891605138778687
data/original/prymnesiophyceae/D20160706T042556_IFCB107_00537.png,prymnesiophyceae,0.9071627259254456
data/original/prymnesiophyceae/D20160706T122505_IFCB107_00035.png,prymnesiophyceae,0.9184777736663818
data/original/prymnesiophyceae/D20160705T205351_IFCB107_00366.png,prymnesiophyceae,0.8818002343177795
data/original/prymnesiophyceae/D20160705T205351_IFCB107_00372.png,prymnesiophyceae,0.9250243306159973
data/original/prymnesiophyceae/D20160706T234838_IFCB107_00347.png,prymnesiophyceae,0.8999282121658325
data/original/prymnesiophyceae/D20160707T161116_IFCB107_00785.png,prymnesiophyceae,0.8713213801383972
data/original/prymnesiophyceae/D20160706T225526_IFCB107_00347.png,prymnesiophyceae,0.8949640393257141
data/original/prymnesiophyceae/D20160706T042556_IFCB107_00567.png,prymnesiophyceae,0.8656054139137268
data/original/prymnesiophyceae/D20160707T233701_IFCB107_00149.png,prymnesiophyceae,0.8993571400642395
data/original/prymnesiophyceae/D20160707T012716_IFCB107_00144.png,prymnesiophyceae,0.9253754615783691
data/original/prymnesiophyceae/D20160706T225526_IFCB107_00188.png,prymnesiophyceae,0.873478889465332
data/original/prymnesiophyceae/D20160705T202753_IFCB107_02147.png,prymnesiophyceae,0.9055109024047852
data/original/prymnesiophyceae/D20160705T202753_IFCB107_00364.png,prymnesiophyceae,0.9103285074234009
data/original/prymnesiophyceae/D20160705T202753_IFCB107_00929.png,prymnesiophyceae,0.9315922260284424
data/original/prymnesiophyceae/D20160705T202753_IFCB107_00232.png,prymnesiophyceae,0.8560031056404114
data/original/prymnesiophyceae/D20160705T202753_IFCB107_00768.png,prymnesiophyceae,0.8908018469810486
data/original/prymnesiophyceae/D20160706T163523_IFCB107_00033.png,prymnesiophyceae,0.9188914895057678
data/original/prymnesiophyceae/D20160707T214300_IFCB107_00062.png,prymnesiophyceae,0.9417166113853455
data/original/prymnesiophyceae/D20160705T221017_IFCB107_00399.png,prymnesiophyceae,0.891765296459198
data/original/prymnesiophyceae/D20160705T202753_IFCB107_00081.png,prymnesiophyceae,0.8861048221588135
data/original/prymnesiophyceae/D20160706T125255_IFCB107_00570.png,prymnesiophyceae,0.9171314835548401
data/original/prymnesiophyceae/D20160706T222908_IFCB107_00050.png,prymnesiophyceae,0.8929945826530457
data/original/prymnesiophyceae/D20160705T223623_IFCB107_00503.png,prymnesiophyceae,0.8882036209106445
data/original/prymnesiophyceae/D20160705T221017_IFCB107_00241.png,prymnesiophyceae,0.8735681772232056
data/original/prymnesiophyceae/D20160706T042556_IFCB107_01383.png,prymnesiophyceae,0.901313066482544
data/original/prymnesiophyceae/D20160707T185653_IFCB107_00276.png,prymnesiophyceae,0.8930120468139648
data/original/prymnesiophyceae/D20160705T221017_IFCB107_00524.png,prymnesiophyceae,0.9290598034858704
data/original/prymnesiophyceae/D20160705T202753_IFCB107_00397.png,prymnesiophyceae,0.89414381980896
data/original/prymnesiophyceae/D20160705T232635_IFCB107_00063.png,prymnesiophyceae,0.909700334072113
data/original/prymnesiophyceae/D20160705T221017_IFCB107_00251.png,prymnesiophyceae,0.8573524951934814
data/original/prymnesiophyceae/D20160706T042556_IFCB107_00077.png,prymnesiophyceae,0.8897328972816467
data/original/prymnesiophyceae/D20160706T125255_IFCB107_02418.png,prymnesiophyceae,0.8828433752059937
data/original/prymnesiophyceae/D20160705T223623_IFCB107_00754.png,prymnesiophyceae,0.880681574344635
data/original/prymnesiophyceae/D20160706T220341_IFCB107_00706.png,prymnesiophyceae,0.9302920699119568
data/original/prymnesiophyceae/D20160706T125255_IFCB107_00586.png,prymnesiophyceae,0.8937913179397583
data/original/prymnesiophyceae/D20160706T225526_IFCB107_00535.png,prymnesiophyceae,0.8710839152336121
data/original/prymnesiophyceae/D20160705T221017_IFCB107_00165.png,prymnesiophyceae,0.8719221949577332
data/original/prymnesiophyceae/D20160705T202753_IFCB107_00335.png,prymnesiophyceae,0.9044583439826965
data/original/prymnesiophyceae/D20160705T214443_IFCB107_00399.png,prymnesiophyceae,0.8775854706764221
data/original/prymnesiophyceae/D20160706T045145_IFCB107_00281.png,prymnesiophyceae,0.874110996723175
data/original/prymnesiophyceae/D20160705T202753_IFCB107_00874.png,prymnesiophyceae,0.8832439184188843
data/original/prymnesiophyceae/D20160706T045145_IFCB107_00932.png,prymnesiophyceae,0.9014763832092285
data/original/prymnesiophyceae/D20160705T205351_IFCB107_00283.png,prymnesiophyceae,0.8948143720626831
data/original/prymnesiophyceae/D20160705T223623_IFCB107_00735.png,prymnesiophyceae,0.8976988792419434
data/original/prymnesiophyceae/D20160705T205351_IFCB107_00805.png,prymnesiophyceae,0.9182554483413696
data/original/prymnesiophyceae/D20160707T040554_IFCB107_00180.png,prymnesiophyceae,0.8716148734092712
data/original/prymnesiophyceae/D20160706T134338_IFCB107_00347.png,prymnesiophyceae,0.8491808772087097
data/original/prymnesiophyceae/D20160707T185653_IFCB107_00202.png,prymnesiophyceae,0.8946572542190552
data/original/prymnesiophyceae/D20160706T042556_IFCB107_00999.png,prymnesiophyceae,0.9016334414482117
data/original/prymnesiophyceae/D20160706T234838_IFCB107_00397.png,prymnesiophyceae,0.9148980975151062
data/original/prymnesiophyceae/D20160706T134338_IFCB107_00601.png,prymnesiophyceae,0.9232032895088196
data/original/prymnesiophyceae/D20160705T221017_IFCB107_00123.png,prymnesiophyceae,0.9424176216125488
data/original/prymnesiophyceae/D20160706T140828_IFCB107_00038.png,prymnesiophyceae,0.8651479482650757
data/original/prymnesiophyceae/D20160705T214443_IFCB107_00555.png,prymnesiophyceae,0.9250264763832092
data/original/prymnesiophyceae/D20160706T045145_IFCB107_00974.png,prymnesiophyceae,0.8607205152511597
data/original/prymnesiophyceae/D20160705T205351_IFCB107_00433.png,prymnesiophyceae,0.8996729254722595
data/original/prymnesiophyceae/D20160707T185653_IFCB107_00116.png,prymnesiophyceae,0.9205494523048401
data/original/prymnesiophyceae/D20160707T192444_IFCB107_00046.png,prymnesiophyceae,0.8776265978813171
data/original/prymnesiophyceae/D20160706T125255_IFCB107_01760.png,prymnesiophyceae,0.8899933099746704
data/original/prymnesiophyceae/D20160706T045145_IFCB107_00286.png,prymnesiophyceae,0.8969196677207947
data/original/prymnesiophyceae/D20160705T214443_IFCB107_00023.png,prymnesiophyceae,0.9012511968612671
data/original/prymnesiophyceae/D20160706T125255_IFCB107_02645.png,prymnesiophyceae,0.9150803089141846
data/original/prymnesiophyceae/D20160706T225526_IFCB107_00391.png,prymnesiophyceae,0.9059521555900574
data/original/prymnesiophyceae/D20160706T125255_IFCB107_00086.png,prymnesiophyceae,0.8949189782142639
data/original/prymnesiophyceae/D20160706T045145_IFCB107_00547.png,prymnesiophyceae,0.8969913125038147
data/original/prymnesiophyceae/D20160706T042556_IFCB107_00376.png,prymnesiophyceae,0.891538679599762
data/original/prymnesiophyceae/D20160706T042556_IFCB107_00998.png,prymnesiophyceae,0.8869486451148987
data/original/prymnesiophyceae/D20160707T192444_IFCB107_01372.png,prymnesiophyceae,0.8608013391494751
data/original/prymnesiophyceae/D20160707T161116_IFCB107_00695.png,prymnesiophyceae,0.9082022905349731
data/original/prymnesiophyceae/D20160705T202753_IFCB107_00861.png,prymnesiophyceae,0.8404931426048279
data/original/prymnesiophyceae/D20160707T040554_IFCB107_00354.png,prymnesiophyceae,0.8797343373298645
data/original/prymnesiophyceae/D20160706T134338_IFCB107_00398.png,prymnesiophyceae,0.8974698781967163
data/original/prymnesiophyceae/D20160706T045145_IFCB107_00846.png,prymnesiophyceae,0.9197670221328735
data/original/prymnesiophyceae/D20160705T202753_IFCB107_00979.png,prymnesiophyceae,0.8965859413146973
data/original/prymnesiophyceae/D20160706T042556_IFCB107_00594.png,prymnesiophyceae,0.8835064768791199
data/original/prymnesiophyceae/D20160706T045145_IFCB107_00954.png,prymnesiophyceae,0.8908461928367615
data/original/prymnesiophyceae/D20160706T220341_IFCB107_01390.png,prymnesiophyceae,0.9369349479675293
data/original/prymnesiophyceae/D20160706T163523_IFCB107_00307.png,prymnesiophyceae,0.883931040763855
data/original/prymnesiophyceae/D20160706T134338_IFCB107_00414.png,prymnesiophyceae,0.9087038636207581
data/original/prymnesiophyceae/D20160706T042556_IFCB107_00247.png,prymnesiophyceae,0.9095900654792786
data/original/prymnesiophyceae/D20160705T230123_IFCB107_00013.png,prymnesiophyceae,0.9285894632339478
data/original/prymnesiophyceae/D20160706T042556_IFCB107_01319.png,prymnesiophyceae,0.9019073843955994
data/original/prymnesiophyceae/D20160705T223623_IFCB107_00235.png,prymnesiophyceae,0.9045564532279968
data/original/prymnesiophyceae/D20160706T195337_IFCB107_00499.png,prymnesiophyceae,0.8454849123954773
data/original/prymnesiophyceae/D20160706T045145_IFCB107_00588.png,prymnesiophyceae,0.8893480896949768
data/original/prymnesiophyceae/D20160707T224232_IFCB107_00194.png,prymnesiophyceae,0.9041271209716797
data/original/prymnesiophyceae/D20160705T221017_IFCB107_00284.png,prymnesiophyceae,0.8822748064994812
data/original/prymnesiophyceae/D20160707T161116_IFCB107_00268.png,prymnesiophyceae,0.8679880499839783
data/original/prymnesiophyceae/D20160706T125255_IFCB107_00500.png,prymnesiophyceae,0.9432945251464844
data/original/prymnesiophyceae/D20160705T205351_IFCB107_00375.png,prymnesiophyceae,0.9078227281570435
data/original/prymnesiophyceae/D20160706T234838_IFCB107_00112.png,prymnesiophyceae,0.9242367148399353
data/original/prymnesiophyceae/D20160707T161116_IFCB107_01200.png,prymnesiophyceae,0.9259133338928223
data/original/prymnesiophyceae/D20160706T125255_IFCB107_01902.png,prymnesiophyceae,0.9018184542655945
data/original/prymnesiophyceae/D20160707T233701_IFCB107_00100.png,prymnesiophyceae,0.9176271557807922
data/original/prymnesiophyceae/D20160705T223623_IFCB107_00101.png,prymnesiophyceae,0.9019454717636108
data/original/prymnesiophyceae/D20160706T045145_IFCB107_00238.png,prymnesiophyceae,0.8712056875228882
data/original/prymnesiophyceae/D20160706T042556_IFCB107_00008.png,prymnesiophyceae,0.9156620502471924
data/original/prymnesiophyceae/D20160705T202753_IFCB107_00503.png,prymnesiophyceae,0.8962047100067139
data/original/prymnesiophyceae/D20160707T204525_IFCB107_00116.png,prymnesiophyceae,0.8743266463279724
data/original/prymnesiophyceae/D20160707T161116_IFCB107_00725.png,prymnesiophyceae,0.9120126962661743
data/original/prymnesiophyceae/D20160706T134338_IFCB107_01228.png,prymnesiophyceae,0.9037269949913025
data/original/prymnesiophyceae/D20160706T042556_IFCB107_00513.png,prymnesiophyceae,0.8792933225631714
data/original/prymnesiophyceae/D20160706T042556_IFCB107_00584.png,prymnesiophyceae,0.9223330616950989
data/original/prymnesiophyceae/D20160705T232635_IFCB107_00545.png,prymnesiophyceae,0.8546225428581238
data/original/prymnesiophyceae/D20160706T045145_IFCB107_00155.png,prymnesiophyceae,0.9071711301803589
data/original/prymnesiophyceae/D20160706T171611_IFCB107_00141.png,prymnesiophyceae,0.8458409905433655
data/original/prymnesiophyceae/D20160707T040554_IFCB107_00273.png,prymnesiophyceae,0.9091975092887878
data/original/prymnesiophyceae/D20160706T134338_IFCB107_00835.png,prymnesiophyceae,0.9251899123191833
data/original/prymnesiophyceae/D20160706T045145_IFCB107_00442.png,prymnesiophyceae,0.8931261897087097
data/original/prymnesiophyceae/D20160707T161116_IFCB107_00340.png,prymnesiophyceae,0.8899226784706116
data/original/prymnesiophyceae/D20160706T002139_IFCB107_00118.png,prymnesiophyceae,0.922598123550415
data/original/prymnesiophyceae/D20160707T221226_IFCB107_00179.png,prymnesiophyceae,0.891694188117981
data/original/prymnesiophyceae/D20160705T230123_IFCB107_00166.png,prymnesiophyceae,0.9122863411903381
data/original/prymnesiophyceae/D20160705T232635_IFCB107_00106.png,prymnesiophyceae,0.9243552684783936
data/original/prymnesiophyceae/D20160706T222908_IFCB107_01471.png,prymnesiophyceae,0.8909112215042114
data/original/prymnesiophyceae/D20160706T160929_IFCB107_00110.png,prymnesiophyceae,0.8849697709083557
data/original/prymnesiophyceae/D20160705T221017_IFCB107_00169.png,prymnesiophyceae,0.9276745915412903
data/original/prymnesiophyceae/D20160706T134338_IFCB107_00654.png,prymnesiophyceae,0.9258309602737427
data/original/prymnesiophyceae/D20160706T042556_IFCB107_00455.png,prymnesiophyceae,0.9012331366539001
data/original/prymnesiophyceae/D20160705T214443_IFCB107_00490.png,prymnesiophyceae,0.904631495475769
data/original/prymnesiophyceae/D20160706T122505_IFCB107_02877.png,prymnesiophyceae,0.9083568453788757
data/original/prymnesiophyceae/D20160706T042556_IFCB107_00489.png,prymnesiophyceae,0.8882709741592407
data/original/prymnesiophyceae/D20160705T205351_IFCB107_00703.png,prymnesiophyceae,0.9124268293380737
data/original/prymnesiophyceae/D20160705T205351_IFCB107_00311.png,prymnesiophyceae,0.8891139626502991
data/original/prymnesiophyceae/D20160706T125255_IFCB107_00835.png,prymnesiophyceae,0.8741245865821838
data/original/prymnesiophyceae/D20160707T214300_IFCB107_00228.png,prymnesiophyceae,0.9171574115753174
data/original/prymnesiophyceae/D20160706T122505_IFCB107_02428.png,prymnesiophyceae,0.9133319854736328
data/original/prymnesiophyceae/D20160706T045145_IFCB107_00813.png,prymnesiophyceae,0.8808504343032837
data/original/prymnesiophyceae/D20160706T134338_IFCB107_00298.png,prymnesiophyceae,0.8798180222511292
data/original/prymnesiophyceae/D20160706T042556_IFCB107_00340.png,prymnesiophyceae,0.8956201672554016
data/original/prymnesiophyceae/D20160706T042556_IFCB107_00147.png,prymnesiophyceae,0.9111438393592834
data/original/prymnesiophyceae/D20160707T214300_IFCB107_00109.png,prymnesiophyceae,0.8936012983322144
data/original/prymnesiophyceae/D20160705T232635_IFCB107_00065.png,prymnesiophyceae,0.8984265923500061
data/original/prymnesiophyceae/D20160705T205351_IFCB107_00092.png,prymnesiophyceae,0.8893175721168518
data/original/prymnesiophyceae/D20160705T202753_IFCB107_00754.png,prymnesiophyceae,0.9385340809822083
data/original/prymnesiophyceae/D20160707T233701_IFCB107_00268.png,prymnesiophyceae,0.8702916502952576
data/original/prymnesiophyceae/D20160706T222908_IFCB107_00032.png,prymnesiophyceae,0.8863559365272522
data/original/prymnesiophyceae/D20160705T214443_IFCB107_00336.png,prymnesiophyceae,0.9063566327095032
data/original/prymnesiophyceae/D20160706T045145_IFCB107_00072.png,prymnesiophyceae,0.909422755241394
data/original/prymnesiophyceae/D20160705T214443_IFCB107_00361.png,prymnesiophyceae,0.9115323424339294
data/original/prymnesiophyceae/D20160706T125255_IFCB107_02056.png,prymnesiophyceae,0.9141161441802979
data/original/prymnesiophyceae/D20160705T205351_IFCB107_00210.png,prymnesiophyceae,0.8906785249710083
data/original/prymnesiophyceae/D20160706T225526_IFCB107_00318.png,prymnesiophyceae,0.9285471439361572
data/original/prymnesiophyceae/D20160706T222908_IFCB107_00705.png,prymnesiophyceae,0.923081636428833
data/original/prymnesiophyceae/D20160706T134338_IFCB107_00070.png,prymnesiophyceae,0.912968635559082
data/original/prymnesiophyceae/D20160705T223623_IFCB107_00413.png,prymnesiophyceae,0.8838808536529541
data/original/prymnesiophyceae/D20160706T134338_IFCB107_00301.png,prymnesiophyceae,0.9242364168167114
data/original/prymnesiophyceae/D20160706T134338_IFCB107_00207.png,prymnesiophyceae,0.869071364402771
data/original/prymnesiophyceae/D20160706T045145_IFCB107_00563.png,prymnesiophyceae,0.9241112470626831
data/original/prymnesiophyceae/D20160707T040554_IFCB107_00327.png,prymnesiophyceae,0.917178213596344
data/original/prymnesiophyceae/D20160706T045145_IFCB107_00418.png,prymnesiophyceae,0.9092254042625427
data/original/prymnesiophyceae/D20160705T202753_IFCB107_00731.png,prymnesiophyceae,0.8739373087882996
data/original/prymnesiophyceae/D20160705T202753_IFCB107_00042.png,prymnesiophyceae,0.9443886876106262
data/original/prymnesiophyceae/D20160707T161116_IFCB107_00076.png,prymnesiophyceae,0.9003394246101379
data/original/prymnesiophyceae/D20160706T134338_IFCB107_00243.png,prymnesiophyceae,0.915260910987854
data/original/prymnesiophyceae/D20160706T134338_IFCB107_00312.png,prymnesiophyceae,0.8941563963890076
data/original/prymnesiophyceae/D20160705T202753_IFCB107_00466.png,prymnesiophyceae,0.9160019755363464
data/original/prymnesiophyceae/D20160705T214443_IFCB107_00076.png,prymnesiophyceae,0.878594160079956
data/original/prymnesiophyceae/D20160705T232635_IFCB107_00167.png,prymnesiophyceae,0.9036309719085693
data/original/prymnesiophyceae/D20160705T232635_IFCB107_00216.png,prymnesiophyceae,0.9182948470115662
data/original/prymnesiophyceae/D20160706T042556_IFCB107_00911.png,prymnesiophyceae,0.8966618776321411
data/original/prymnesiophyceae/D20160706T225526_IFCB107_00335.png,prymnesiophyceae,0.8992455005645752
data/original/prymnesiophyceae/D20160706T125255_IFCB107_02362.png,prymnesiophyceae,0.9230965971946716
data/original/prymnesiophyceae/D20160705T205351_IFCB107_00212.png,prymnesiophyceae,0.8821268081665039
data/original/prymnesiophyceae/D20160706T134338_IFCB107_00059.png,prymnesiophyceae,0.9139910340309143
data/original/prymnesiophyceae/D20160705T202753_IFCB107_00039.png,prymnesiophyceae,0.8897786736488342
data/original/prymnesiophyceae/D20160705T202753_IFCB107_00950.png,prymnesiophyceae,0.8976544737815857
data/original/prymnesiophyceae/D20160707T194948_IFCB107_00824.png,prymnesiophyceae,0.9287627339363098
data/original/prymnesiophyceae/D20160705T214443_IFCB107_00610.png,prymnesiophyceae,0.8652783632278442
data/original/prymnesiophyceae/D20160706T042556_IFCB107_00142.png,prymnesiophyceae,0.9076642990112305
data/original/prymnesiophyceae/D20160705T202753_IFCB107_00456.png,prymnesiophyceae,0.8819733262062073
data/original/prymnesiophyceae/D20160707T185653_IFCB107_00194.png,prymnesiophyceae,0.9241708517074585
data/original/prymnesiophyceae/D20160706T045145_IFCB107_00529.png,prymnesiophyceae,0.9045014381408691
data/original/prymnesiophyceae/D20160706T042556_IFCB107_01030.png,prymnesiophyceae,0.8857738375663757
data/original/prymnesiophyceae/D20160707T233701_IFCB107_00401.png,prymnesiophyceae,0.902065098285675
data/original/prymnesiophyceae/D20160707T221226_IFCB107_00470.png,prymnesiophyceae,0.9258813261985779
data/original/prymnesiophyceae/D20160706T125255_IFCB107_00092.png,prymnesiophyceae,0.901964008808136
data/original/prymnesiophyceae/D20160705T223623_IFCB107_00066.png,prymnesiophyceae,0.8758818507194519
data/original/prymnesiophyceae/D20160705T202753_IFCB107_00587.png,prymnesiophyceae,0.8840864300727844
data/original/prymnesiophyceae/D20160706T042556_IFCB107_00285.png,prymnesiophyceae,0.8891327977180481
data/original/prymnesiophyceae/D20160706T125255_IFCB107_00088.png,prymnesiophyceae,0.8879340887069702
data/original/prymnesiophyceae/D20160706T125255_IFCB107_00221.png,prymnesiophyceae,0.893259584903717
data/original/prymnesiophyceae/D20160705T205351_IFCB107_00428.png,prymnesiophyceae,0.8859416246414185
data/original/prymnesiophyceae/D20160705T232635_IFCB107_00098.png,prymnesiophyceae,0.9018982648849487
data/original/prymnesiophyceae/D20160707T233701_IFCB107_00057.png,prymnesiophyceae,0.9282448291778564
data/original/prymnesiophyceae/D20160705T202753_IFCB107_02053.png,prymnesiophyceae,0.8983243703842163
data/original/prymnesiophyceae/D20160706T042556_IFCB107_00870.png,prymnesiophyceae,0.9089857935905457
data/original/prymnesiophyceae/D20160707T192444_IFCB107_00257.png,prymnesiophyceae,0.9027402400970459
data/original/prymnesiophyceae/D20160707T185653_IFCB107_00124.png,prymnesiophyceae,0.9309770464897156
data/original/prymnesiophyceae/D20160705T223623_IFCB107_00452.png,prymnesiophyceae,0.9028747081756592
data/original/prymnesiophyceae/D20160706T045145_IFCB107_00039.png,prymnesiophyceae,0.8941625356674194
data/original/prymnesiophyceae/D20160707T233701_IFCB107_00321.png,prymnesiophyceae,0.9247409105300903
data/original/prymnesiophyceae/D20160705T205351_IFCB107_00172.png,prymnesiophyceae,0.8659328818321228
data/original/prymnesiophyceae/D20160705T223623_IFCB107_00716.png,prymnesiophyceae,0.9370070695877075
data/original/prymnesiophyceae/D20160707T192444_IFCB107_00399.png,prymnesiophyceae,0.9243395924568176
data/original/prymnesiophyceae/D20160705T223623_IFCB107_00237.png,prymnesiophyceae,0.9082883596420288
data/original/prymnesiophyceae/D20160706T045145_IFCB107_00174.png,prymnesiophyceae,0.8839532136917114
data/original/prymnesiophyceae/D20160705T202753_IFCB107_00143.png,prymnesiophyceae,0.8751872181892395
data/original/prymnesiophyceae/D20160706T045145_IFCB107_00218.png,prymnesiophyceae,0.8893665075302124
data/original/prymnesiophyceae/D20160705T202753_IFCB107_00074.png,prymnesiophyceae,0.8826418519020081
data/original/prymnesiophyceae/D20160706T234838_IFCB107_00382.png,prymnesiophyceae,0.8929405808448792
data/original/prymnesiophyceae/D20160706T045145_IFCB107_00500.png,prymnesiophyceae,0.9128283858299255
data/original/prymnesiophyceae/D20160705T223623_IFCB107_00084.png,prymnesiophyceae,0.9073783159255981
data/original/prymnesiophyceae/D20160705T221017_IFCB107_00164.png,prymnesiophyceae,0.8700817823410034
data/original/prymnesiophyceae/D20160705T214443_IFCB107_00553.png,prymnesiophyceae,0.83431476354599
data/original/prymnesiophyceae/D20160705T202753_IFCB107_00244.png,prymnesiophyceae,0.8684481978416443
data/original/prymnesiophyceae/D20160705T202753_IFCB107_00371.png,prymnesiophyceae,0.8904926180839539
data/original/prymnesiophyceae/D20160706T042556_IFCB107_00895.png,prymnesiophyceae,0.8809167146682739
data/original/prymnesiophyceae/D20160705T221017_IFCB107_00103.png,prymnesiophyceae,0.9216365814208984
data/original/prymnesiophyceae/D20160707T194948_IFCB107_00748.png,prymnesiophyceae,0.9296966195106506
data/original/prymnesiophyceae/D20160706T042556_IFCB107_01195.png,prymnesiophyceae,0.9385520219802856
data/original/prymnesiophyceae/D20160705T214443_IFCB107_00481.png,prymnesiophyceae,0.9065206050872803
data/original/prymnesiophyceae/D20160707T192444_IFCB107_00333.png,prymnesiophyceae,0.781499981880188
data/original/prymnesiophyceae/D20160706T125255_IFCB107_00633.png,prymnesiophyceae,0.9208109378814697
data/original/prymnesiophyceae/D20160705T221017_IFCB107_00460.png,prymnesiophyceae,0.9169224500656128
data/original/prymnesiophyceae/D20160705T202753_IFCB107_00127.png,prymnesiophyceae,0.8701550364494324
data/original/prymnesiophyceae/D20160705T205351_IFCB107_00363.png,prymnesiophyceae,0.897830605506897
data/original/prymnesiophyceae/D20160705T232635_IFCB107_00470.png,prymnesiophyceae,0.9370032548904419
data/original/prymnesiophyceae/D20160707T221226_IFCB107_00064.png,prymnesiophyceae,0.9336534142494202
data/original/prymnesiophyceae/D20160705T221017_IFCB107_00022.png,prymnesiophyceae,0.9155691862106323
data/original/prymnesiophyceae/D20160705T202753_IFCB107_01478.png,prymnesiophyceae,0.9157073497772217
data/original/prymnesiophyceae/D20160705T230123_IFCB107_00147.png,prymnesiophyceae,0.8787458539009094
data/original/prymnesiophyceae/D20160706T042556_IFCB107_00354.png,prymnesiophyceae,0.8949082493782043
data/original/prymnesiophyceae/D20160706T042556_IFCB107_00106.png,prymnesiophyceae,0.9056164026260376
data/original/prymnesiophyceae/D20160705T202753_IFCB107_00333.png,prymnesiophyceae,0.8916269540786743
data/original/prymnesiophyceae/D20160706T042556_IFCB107_00788.png,prymnesiophyceae,0.8676111698150635
data/original/prymnesiophyceae/D20160705T232635_IFCB107_00139.png,prymnesiophyceae,0.9032259583473206
data/original/prymnesiophyceae/D20160706T122505_IFCB107_00329.png,prymnesiophyceae,0.8749082684516907
data/original/prymnesiophyceae/D20160706T045145_IFCB107_00157.png,prymnesiophyceae,0.9089707136154175
data/original/prymnesiophyceae/D20160706T220341_IFCB107_01733.png,prymnesiophyceae,0.9195640683174133
data/original/prymnesiophyceae/D20160705T214443_IFCB107_00277.png,prymnesiophyceae,0.9119889736175537
data/original/prymnesiophyceae/D20160705T202753_IFCB107_00579.png,prymnesiophyceae,0.8896797299385071
data/original/prymnesiophyceae/D20160705T202753_IFCB107_00136.png,prymnesiophyceae,0.8857751488685608
data/original/prymnesiophyceae/D20160706T042556_IFCB107_00303.png,prymnesiophyceae,0.9259527921676636
data/original/prymnesiophyceae/D20160706T122505_IFCB107_02933.png,prymnesiophyceae,0.8238009214401245
data/original/prymnesiophyceae/D20160705T205351_IFCB107_00507.png,prymnesiophyceae,0.9208155870437622
data/original/prymnesiophyceae/D20160706T222908_IFCB107_00370.png,prymnesiophyceae,0.9026657342910767
data/original/prymnesiophyceae/D20160707T214300_IFCB107_00254.png,prymnesiophyceae,0.9146031141281128
data/original/prymnesiophyceae/D20160706T042556_IFCB107_00031.png,prymnesiophyceae,0.9222674369812012
data/original/prymnesiophyceae/D20160705T205351_IFCB107_00234.png,prymnesiophyceae,0.863296389579773
data/original/prymnesiophyceae/D20160705T232635_IFCB107_00072.png,prymnesiophyceae,0.9180430173873901
data/original/prymnesiophyceae/D20160706T042556_IFCB107_00784.png,prymnesiophyceae,0.8978744149208069
data/original/prymnesiophyceae/D20160705T214443_IFCB107_00054.png,prymnesiophyceae,0.8740205764770508
data/original/prymnesiophyceae/D20160707T194948_IFCB107_00219.png,prymnesiophyceae,0.9048073291778564
data/original/prymnesiophyceae/D20160705T202753_IFCB107_00919.png,prymnesiophyceae,0.8518114686012268
data/original/prymnesiophyceae/D20160705T202753_IFCB107_00647.png,prymnesiophyceae,0.8932375311851501
data/original/prymnesiophyceae/D20160707T211424_IFCB107_00269.png,prymnesiophyceae,0.9418472647666931
data/original/prymnesiophyceae/D20160707T152538_IFCB107_00024.png,prymnesiophyceae,0.8825903534889221
data/original/prymnesiophyceae/D20160706T042556_IFCB107_00783.png,prymnesiophyceae,0.8932859301567078
data/original/prymnesiophyceae/D20160706T163523_IFCB107_00227.png,prymnesiophyceae,0.9018186330795288
data/original/prymnesiophyceae/D20160706T042556_IFCB107_00297.png,prymnesiophyceae,0.8896588087081909
data/original/prymnesiophyceae/D20160706T045145_IFCB107_00890.png,prymnesiophyceae,0.9130969643592834
data/original/prymnesiophyceae/D20160706T042556_IFCB107_00932.png,prymnesiophyceae,0.896083414554596
data/original/prymnesiophyceae/D20160706T045145_IFCB107_00458.png,prymnesiophyceae,0.9158380627632141
data/original/prymnesiophyceae/D20160705T221017_IFCB107_00111.png,prymnesiophyceae,0.888293981552124
data/original/prymnesiophyceae/D20160706T125255_IFCB107_00498.png,prymnesiophyceae,0.9316357970237732
data/original/prymnesiophyceae/D20160705T221017_IFCB107_00638.png,prymnesiophyceae,0.9210432767868042
data/original/prymnesiophyceae/D20160706T125255_IFCB107_01524.png,prymnesiophyceae,0.8910588622093201
data/original/prymnesiophyceae/D20160706T030152_IFCB107_00106.png,prymnesiophyceae,0.8909920454025269
data/original/prymnesiophyceae/D20160706T042556_IFCB107_00642.png,prymnesiophyceae,0.8709498047828674
data/original/prymnesiophyceae/D20160705T202753_IFCB107_00659.png,prymnesiophyceae,0.9263951182365417
data/original/prymnesiophyceae/D20160705T202753_IFCB107_00789.png,prymnesiophyceae,0.8945260643959045
data/original/prymnesiophyceae/D20160706T122505_IFCB107_00892.png,prymnesiophyceae,0.8897861242294312
data/original/prymnesiophyceae/D20160705T202753_IFCB107_00747.png,prymnesiophyceae,0.9133354425430298
data/original/prymnesiophyceae/D20160705T202753_IFCB107_00434.png,prymnesiophyceae,0.8994415402412415
data/original/prymnesiophyceae/D20160705T221017_IFCB107_00472.png,prymnesiophyceae,0.8977146148681641
data/original/prymnesiophyceae/D20160705T205351_IFCB107_00393.png,prymnesiophyceae,0.878141462802887
data/original/prymnesiophyceae/D20160705T223623_IFCB107_00778.png,prymnesiophyceae,0.9067705869674683
data/original/prymnesiophyceae/D20160705T221017_IFCB107_00326.png,prymnesiophyceae,0.9351592063903809
data/original/prymnesiophyceae/D20160705T221017_IFCB107_00115.png,prymnesiophyceae,0.9161406755447388
data/original/prymnesiophyceae/D20160706T045145_IFCB107_00904.png,prymnesiophyceae,0.8742907047271729
data/original/prymnesiophyceae/D20160707T233701_IFCB107_00058.png,prymnesiophyceae,0.8972463011741638
data/original/prymnesiophyceae/D20160705T221017_IFCB107_00064.png,prymnesiophyceae,0.9280999302864075
data/original/prymnesiophyceae/D20160706T045145_IFCB107_00472.png,prymnesiophyceae,0.8902989029884338
data/original/prymnesiophyceae/D20160706T122505_IFCB107_00963.png,prymnesiophyceae,0.897009551525116
data/original/prymnesiophyceae/D20160706T045145_IFCB107_00558.png,prymnesiophyceae,0.8815434575080872
data/original/prymnesiophyceae/D20160706T042556_IFCB107_00769.png,prymnesiophyceae,0.909489095211029
data/original/prymnesiophyceae/D20160705T202753_IFCB107_00298.png,prymnesiophyceae,0.8849414587020874
data/original/prymnesiophyceae/D20160706T125255_IFCB107_01951.png,prymnesiophyceae,0.8747051954269409
data/original/prymnesiophyceae/D20160705T202753_IFCB107_00170.png,prymnesiophyceae,0.8720918893814087
data/original/prymnesiophyceae/D20160706T222908_IFCB107_00524.png,prymnesiophyceae,0.8990440964698792
data/original/prymnesiophyceae/D20160705T202753_IFCB107_00212.png,prymnesiophyceae,0.9029785990715027
data/original/prymnesiophyceae/D20160705T221017_IFCB107_00137.png,prymnesiophyceae,0.8905471563339233
data/original/prymnesiophyceae/D20160706T160929_IFCB107_00317.png,prymnesiophyceae,0.8677863478660583
data/original/prymnesiophyceae/D20160705T232635_IFCB107_00354.png,prymnesiophyceae,0.7570642232894897
data/original/prymnesiophyceae/D20160706T122505_IFCB107_03446.png,prymnesiophyceae,0.9031214118003845
data/original/prymnesiophyceae/D20160705T202753_IFCB107_00100.png,prymnesiophyceae,0.8918416500091553
data/original/prymnesiophyceae/D20160705T202753_IFCB107_00310.png,prymnesiophyceae,0.8550850749015808
data/original/prymnesiophyceae/D20160706T125255_IFCB107_01691.png,prymnesiophyceae,0.9309648871421814
data/original/prymnesiophyceae/D20160705T221017_IFCB107_00392.png,prymnesiophyceae,0.9212208986282349
data/original/prymnesiophyceae/D20160705T202753_IFCB107_00118.png,prymnesiophyceae,0.8936550617218018
data/original/prymnesiophyceae/D20160706T045145_IFCB107_00691.png,prymnesiophyceae,0.8900653719902039
data/original/prymnesiophyceae/D20160706T045145_IFCB107_00509.png,prymnesiophyceae,0.8660131692886353
data/original/prymnesiophyceae/D20160706T122505_IFCB107_03282.png,prymnesiophyceae,0.8935700058937073
data/original/prymnesiophyceae/D20160705T202753_IFCB107_01793.png,prymnesiophyceae,0.9201828837394714
data/original/prymnesiophyceae/D20160706T042556_IFCB107_00593.png,prymnesiophyceae,0.9309042096138
data/original/prymnesiophyceae/D20160706T042556_IFCB107_00579.png,prymnesiophyceae,0.879932701587677
data/original/prymnesiophyceae/D20160705T223623_IFCB107_00563.png,prymnesiophyceae,0.930492103099823
data/original/prymnesiophyceae/D20160706T042556_IFCB107_00512.png,prymnesiophyceae,0.8882255554199219
data/original/prymnesiophyceae/D20160707T185653_IFCB107_00409.png,prymnesiophyceae,0.9305751323699951
data/original/prymnesiophyceae/D20160705T205351_IFCB107_00545.png,prymnesiophyceae,0.8926700353622437
data/original/prymnesiophyceae/D20160706T045145_IFCB107_00651.png,prymnesiophyceae,0.8948125243186951
data/original/prymnesiophyceae/D20160705T205351_IFCB107_00027.png,prymnesiophyceae,0.8698006272315979
data/original/prymnesiophyceae/D20160705T221017_IFCB107_00303.png,prymnesiophyceae,0.8680906891822815
data/original/prymnesiophyceae/D20160706T042556_IFCB107_00085.png,prymnesiophyceae,0.8968058228492737
data/original/prymnesiophyceae/D20160705T202753_IFCB107_01073.png,prymnesiophyceae,0.8874515295028687
data/original/prymnesiophyceae/D20160707T224232_IFCB107_00513.png,prymnesiophyceae,0.9010458588600159
data/original/prymnesiophyceae/D20160706T045145_IFCB107_00927.png,prymnesiophyceae,0.8647415041923523
data/original/prymnesiophyceae/D20160706T195337_IFCB107_00665.png,prymnesiophyceae,0.9050877690315247
data/original/prymnesiophyceae/D20160707T204525_IFCB107_00140.png,prymnesiophyceae,0.8848085403442383
data/original/prymnesiophyceae/D20160707T192444_IFCB107_01340.png,prymnesiophyceae,0.8971560001373291
data/original/prymnesiophyceae/D20160706T045145_IFCB107_00033.png,prymnesiophyceae,0.9007266759872437
data/original/prymnesiophyceae/D20160706T222908_IFCB107_00835.png,prymnesiophyceae,0.9210363030433655
data/original/prymnesiophyceae/D20160705T202753_IFCB107_00905.png,prymnesiophyceae,0.9185581207275391
data/original/prymnesiophyceae/D20160707T161116_IFCB107_00412.png,prymnesiophyceae,0.8888577222824097
data/original/prymnesiophyceae/D20160705T232635_IFCB107_00080.png,prymnesiophyceae,0.8981404304504395
data/original/prymnesiophyceae/D20160707T221226_IFCB107_00436.png,prymnesiophyceae,0.932582437992096
data/original/prymnesiophyceae/D20160706T045145_IFCB107_00059.png,prymnesiophyceae,0.9029362201690674
data/original/prymnesiophyceae/D20160706T134338_IFCB107_00167.png,prymnesiophyceae,0.8809342384338379
data/original/prymnesiophyceae/D20160707T224232_IFCB107_00076.png,prymnesiophyceae,0.8974493741989136
data/original/prymnesiophyceae/D20160707T221226_IFCB107_00187.png,prymnesiophyceae,0.9001711010932922
data/original/prymnesiophyceae/D20160706T220341_IFCB107_01234.png,prymnesiophyceae,0.9203048348426819
data/original/prymnesiophyceae/D20160706T122505_IFCB107_00779.png,prymnesiophyceae,0.8952367901802063
data/original/prymnesiophyceae/D20160706T045145_IFCB107_00638.png,prymnesiophyceae,0.892664909362793
data/original/prymnesiophyceae/D20160705T205351_IFCB107_00590.png,prymnesiophyceae,0.8752183318138123
data/original/prymnesiophyceae/D20160706T234838_IFCB107_00414.png,prymnesiophyceae,0.9135137796401978
data/original/prymnesiophyceae/D20160706T122505_IFCB107_00027.png,prymnesiophyceae,0.8809081315994263
data/original/prymnesiophyceae/D20160706T042556_IFCB107_00267.png,prymnesiophyceae,0.893995463848114
data/original/prymnesiophyceae/D20160706T045145_IFCB107_01030.png,prymnesiophyceae,0.9215419888496399
data/original/prymnesiophyceae/D20160705T232635_IFCB107_00032.png,prymnesiophyceae,0.8993256092071533
data/original/prymnesiophyceae/D20160706T222908_IFCB107_00748.png,prymnesiophyceae,0.9179298877716064
data/original/prymnesiophyceae/D20160706T042556_IFCB107_00312.png,prymnesiophyceae,0.8667802214622498
data/original/prymnesiophyceae/D20160707T224232_IFCB107_00263.png,prymnesiophyceae,0.9211655855178833
data/original/prymnesiophyceae/D20160705T214443_IFCB107_00331.png,prymnesiophyceae,0.9123951196670532
data/original/prymnesiophyceae/D20160705T230123_IFCB107_00023.png,prymnesiophyceae,0.8495179414749146
data/original/prymnesiophyceae/D20160707T192444_IFCB107_00679.png,prymnesiophyceae,0.9216978549957275
data/original/prymnesiophyceae/D20160706T140828_IFCB107_00105.png,prymnesiophyceae,0.8978403806686401
data/original/prymnesiophyceae/D20160705T202753_IFCB107_00882.png,prymnesiophyceae,0.8720496892929077
data/original/prymnesiophyceae/D20160705T232635_IFCB107_00383.png,prymnesiophyceae,0.9216293096542358
data/original/prymnesiophyceae/D20160705T232635_IFCB107_00047.png,prymnesiophyceae,0.9161621928215027
data/original/prymnesiophyceae/D20160706T045145_IFCB107_00519.png,prymnesiophyceae,0.891153872013092
data/original/prymnesiophyceae/D20160706T042556_IFCB107_00497.png,prymnesiophyceae,0.8845014572143555
data/original/prymnesiophyceae/D20160706T234838_IFCB107_00357.png,prymnesiophyceae,0.9042913317680359
data/original/prymnesiophyceae/D20160705T202753_IFCB107_00895.png,prymnesiophyceae,0.8712961673736572
data/original/prymnesiophyceae/D20160705T202753_IFCB107_00174.png,prymnesiophyceae,0.8752701282501221
data/original/prymnesiophyceae/D20160705T232635_IFCB107_00380.png,prymnesiophyceae,0.8853065371513367
data/original/prymnesiophyceae/D20160707T194948_IFCB107_01230.png,prymnesiophyceae,0.8837563395500183
data/original/prymnesiophyceae/D20160705T202753_IFCB107_00356.png,prymnesiophyceae,0.8765211701393127
data/original/prymnesiophyceae/D20160707T192444_IFCB107_00086.png,prymnesiophyceae,0.8844410181045532
data/original/prymnesiophyceae/D20160706T042556_IFCB107_01292.png,prymnesiophyceae,0.9083111882209778
data/original/prymnesiophyceae/D20160707T161116_IFCB107_00642.png,prymnesiophyceae,0.9044464826583862
data/original/prymnesiophyceae/D20160705T221017_IFCB107_00140.png,prymnesiophyceae,0.8788934946060181
data/original/prymnesiophyceae/D20160706T042556_IFCB107_00916.png,prymnesiophyceae,0.8828876614570618
data/original/prymnesiophyceae/D20160706T122505_IFCB107_02058.png,prymnesiophyceae,0.8905134201049805
data/original/prymnesiophyceae/D20160706T225526_IFCB107_00394.png,prymnesiophyceae,0.9238582253456116
data/original/prymnesiophyceae/D20160705T221017_IFCB107_00560.png,prymnesiophyceae,0.9275580644607544
data/original/prymnesiophyceae/D20160707T040554_IFCB107_00236.png,prymnesiophyceae,0.8849970102310181
data/original/prymnesiophyceae/D20160706T042556_IFCB107_00599.png,prymnesiophyceae,0.8664929866790771
data/original/prymnesiophyceae/D20160705T232635_IFCB107_00368.png,prymnesiophyceae,0.8890028595924377
data/original/prymnesiophyceae/D20160706T134338_IFCB107_00090.png,prymnesiophyceae,0.804041862487793
data/original/prymnesiophyceae/D20160707T185653_IFCB107_01174.png,prymnesiophyceae,0.8843849301338196
data/original/prymnesiophyceae/D20160707T224232_IFCB107_00212.png,prymnesiophyceae,0.9074704647064209
data/original/prymnesiophyceae/D20160705T230123_IFCB107_00087.png,prymnesiophyceae,0.8856202363967896
data/original/prymnesiophyceae/D20160706T032722_IFCB107_01127.png,prymnesiophyceae,0.8910583853721619
data/original/prymnesiophyceae/D20160705T205351_IFCB107_00077.png,prymnesiophyceae,0.9195454120635986
data/original/prymnesiophyceae/D20160706T125255_IFCB107_02496.png,prymnesiophyceae,0.9008256196975708
data/original/prymnesiophyceae/D20160705T205351_IFCB107_00165.png,prymnesiophyceae,0.8942184448242188
data/original/prymnesiophyceae/D20160705T223623_IFCB107_00535.png,prymnesiophyceae,0.8934542536735535
data/original/prymnesiophyceae/D20160706T045145_IFCB107_00134.png,prymnesiophyceae,0.9243277311325073
data/original/prymnesiophyceae/D20160706T134338_IFCB107_00429.png,prymnesiophyceae,0.8768698573112488
data/original/prymnesiophyceae/D20160707T185653_IFCB107_00617.png,prymnesiophyceae,0.9395231008529663
data/original/prymnesiophyceae/D20160705T202753_IFCB107_00269.png,prymnesiophyceae,0.9382283687591553
data/original/prymnesiophyceae/D20160707T233701_IFCB107_00064.png,prymnesiophyceae,0.9097623229026794
data/original/prymnesiophyceae/D20160705T214443_IFCB107_00882.png,prymnesiophyceae,0.9019290804862976
data/original/prymnesiophyceae/D20160705T202753_IFCB107_00217.png,prymnesiophyceae,0.9232428073883057
data/original/prymnesiophyceae/D20160706T042556_IFCB107_00753.png,prymnesiophyceae,0.8943691253662109
data/original/prymnesiophyceae/D20160707T192444_IFCB107_01121.png,prymnesiophyceae,0.9389382004737854
data/original/prymnesiophyceae/D20160705T205351_IFCB107_00486.png,prymnesiophyceae,0.8991660475730896
data/original/prymnesiophyceae/D20160706T042556_IFCB107_00705.png,prymnesiophyceae,0.8939303159713745
data/original/prymnesiophyceae/D20160705T202753_IFCB107_00029.png,prymnesiophyceae,0.9141883850097656
data/original/prymnesiophyceae/D20160706T042556_IFCB107_00392.png,prymnesiophyceae,0.9180900454521179
data/original/prymnesiophyceae/D20160706T042556_IFCB107_00198.png,prymnesiophyceae,0.8882595896720886
data/original/prymnesiophyceae/D20160705T202753_IFCB107_01048.png,prymnesiophyceae,0.9059159755706787
data/original/prymnesiophyceae/D20160705T221017_IFCB107_00045.png,prymnesiophyceae,0.888595700263977
data/original/prymnesiophyceae/D20160706T205143_IFCB107_00195.png,prymnesiophyceae,0.9266846776008606
data/original/prymnesiophyceae/D20160705T232635_IFCB107_01430.png,prymnesiophyceae,0.9066248536109924
data/original/prymnesiophyceae/D20160706T045145_IFCB107_00968.png,prymnesiophyceae,0.8824725151062012
data/original/prymnesiophyceae/D20160705T202753_IFCB107_00534.png,prymnesiophyceae,0.8792683482170105
data/original/prymnesiophyceae/D20160706T045145_IFCB107_00579.png,prymnesiophyceae,0.8734734058380127
data/original/prymnesiophyceae/D20160705T202753_IFCB107_00617.png,prymnesiophyceae,0.9171927571296692
data/original/prymnesiophyceae/D20160706T234838_IFCB107_00166.png,prymnesiophyceae,0.8505045771598816
data/original/prymnesiophyceae/D20160706T222908_IFCB107_01171.png,prymnesiophyceae,0.9088836312294006
data/original/prymnesiophyceae/D20160705T202753_IFCB107_00262.png,prymnesiophyceae,0.8899787664413452
data/original/prymnesiophyceae/D20160706T134338_IFCB107_00534.png,prymnesiophyceae,0.9295288324356079
data/original/prymnesiophyceae/D20160705T221017_IFCB107_00205.png,prymnesiophyceae,0.8791133761405945
data/original/prymnesiophyceae/D20160706T045145_IFCB107_00131.png,prymnesiophyceae,0.8863410949707031
data/original/prymnesiophyceae/D20160707T161116_IFCB107_00544.png,prymnesiophyceae,0.9224806427955627
data/original/prymnesiophyceae/D20160706T042556_IFCB107_00239.png,prymnesiophyceae,0.8963990211486816
data/original/prymnesiophyceae/D20160706T045145_IFCB107_00891.png,prymnesiophyceae,0.8953036069869995
data/original/prymnesiophyceae/D20160705T214443_IFCB107_00573.png,prymnesiophyceae,0.889605700969696
data/original/prymnesiophyceae/D20160707T161116_IFCB107_00163.png,prymnesiophyceae,0.9171337485313416
data/original/prymnesiophyceae/D20160705T221017_IFCB107_00054.png,prymnesiophyceae,0.911432147026062
data/original/prymnesiophyceae/D20160706T163523_IFCB107_00330.png,prymnesiophyceae,0.911578893661499
data/original/prymnesiophyceae/D20160707T192444_IFCB107_00293.png,prymnesiophyceae,0.9421464204788208
data/original/prymnesiophyceae/D20160707T185653_IFCB107_00870.png,prymnesiophyceae,0.8931338787078857
data/original/prymnesiophyceae/D20160705T202753_IFCB107_00717.png,prymnesiophyceae,0.8899300694465637
data/original/prymnesiophyceae/D20160706T045145_IFCB107_00338.png,prymnesiophyceae,0.903281569480896
data/original/prymnesiophyceae/D20160706T042556_IFCB107_00244.png,prymnesiophyceae,0.9139200448989868
data/original/prymnesiophyceae/D20160706T125255_IFCB107_02890.png,prymnesiophyceae,0.9059567451477051
data/original/prymnesiophyceae/D20160706T125255_IFCB107_01085.png,prymnesiophyceae,0.8838124871253967
data/original/prymnesiophyceae/D20160707T192444_IFCB107_00429.png,prymnesiophyceae,0.9362389445304871
data/original/prymnesiophyceae/D20160705T221017_IFCB107_00086.png,prymnesiophyceae,0.9371445775032043
data/original/prymnesiophyceae/D20160705T202753_IFCB107_00129.png,prymnesiophyceae,0.8921481966972351
data/original/prymnesiophyceae/D20160706T045145_IFCB107_00660.png,prymnesiophyceae,0.8704047203063965
data/original/prymnesiophyceae/D20160705T205351_IFCB107_00786.png,prymnesiophyceae,0.9168663024902344
data/original/prymnesiophyceae/D20160706T205143_IFCB107_01349.png,prymnesiophyceae,0.8736779093742371
data/original/prymnesiophyceae/D20160705T202753_IFCB107_00840.png,prymnesiophyceae,0.8778858184814453
data/original/prymnesiophyceae/D20160705T202753_IFCB107_00058.png,prymnesiophyceae,0.8888104557991028
data/original/prymnesiophyceae/D20160705T205351_IFCB107_00565.png,prymnesiophyceae,0.872057318687439
data/original/prymnesiophyceae/D20160705T205351_IFCB107_00083.png,prymnesiophyceae,0.9191931486129761
data/original/prymnesiophyceae/D20160706T225526_IFCB107_00896.png,prymnesiophyceae,0.9242162108421326
data/original/prymnesiophyceae/D20160706T122505_IFCB107_00278.png,prymnesiophyceae,0.897693932056427
data/original/prymnesiophyceae/D20160705T205351_IFCB107_00398.png,prymnesiophyceae,0.8860017657279968
data/original/prymnesiophyceae/D20160707T221226_IFCB107_00244.png,prymnesiophyceae,0.9326253533363342
data/original/prymnesiophyceae/D20160706T134338_IFCB107_00196.png,prymnesiophyceae,0.8877354264259338
data/original/prymnesiophyceae/D20160705T202753_IFCB107_00775.png,prymnesiophyceae,0.8944909572601318
data/original/prymnesiophyceae/D20160707T161116_IFCB107_00156.png,prymnesiophyceae,0.8926150798797607
data/original/prymnesiophyceae/D20160705T202753_IFCB107_00082.png,prymnesiophyceae,0.9163530468940735
data/original/prymnesiophyceae/D20160706T045145_IFCB107_00859.png,prymnesiophyceae,0.8948743939399719
data/original/prymnesiophyceae/D20160706T042556_IFCB107_00743.png,prymnesiophyceae,0.8799343109130859
data/original/prymnesiophyceae/D20160705T205351_IFCB107_00333.png,prymnesiophyceae,0.8949413895606995
data/original/prymnesiophyceae/D20160707T201526_IFCB107_00504.png,prymnesiophyceae,0.8870458602905273
data/original/prymnesiophyceae/D20160705T223623_IFCB107_02023.png,prymnesiophyceae,0.8997083306312561
data/original/prymnesiophyceae/D20160705T205351_IFCB107_00048.png,prymnesiophyceae,0.8932735919952393
data/original/prymnesiophyceae/D20160705T205351_IFCB107_00014.png,prymnesiophyceae,0.9228447675704956
data/original/prymnesiophyceae/D20160705T232635_IFCB107_00493.png,prymnesiophyceae,0.9004611968994141
data/original/prymnesiophyceae/D20160705T230123_IFCB107_00210.png,prymnesiophyceae,0.8634278178215027
data/original/prymnesiophyceae/D20160706T045145_IFCB107_00812.png,prymnesiophyceae,0.8878488540649414
data/original/prymnesiophyceae/D20160706T042556_IFCB107_00286.png,prymnesiophyceae,0.9069898724555969
data/original/prymnesiophyceae/D20160707T233701_IFCB107_00147.png,prymnesiophyceae,0.8628616333007812
data/original/prymnesiophyceae/D20160705T202753_IFCB107_00128.png,prymnesiophyceae,0.8821113109588623
data/original/prymnesiophyceae/D20160706T122505_IFCB107_02353.png,prymnesiophyceae,0.8854271769523621
data/original/prymnesiophyceae/D20160705T202753_IFCB107_00358.png,prymnesiophyceae,0.8822072744369507
data/original/prymnesiophyceae/D20160706T042556_IFCB107_00190.png,prymnesiophyceae,0.8844605684280396
data/original/prymnesiophyceae/D20160706T042556_IFCB107_00292.png,prymnesiophyceae,0.887924313545227
data/original/prymnesiophyceae/D20160707T192444_IFCB107_00229.png,prymnesiophyceae,0.5969182252883911
data/original/prymnesiophyceae/D20160705T202753_IFCB107_00410.png,prymnesiophyceae,0.8718155026435852
data/original/prymnesiophyceae/D20160707T185653_IFCB107_01346.png,prymnesiophyceae,0.8492377996444702
data/original/prymnesiophyceae/D20160705T202753_IFCB107_00638.png,prymnesiophyceae,0.8940700888633728
data/original/prymnesiophyceae/D20160706T122505_IFCB107_01986.png,prymnesiophyceae,0.8719057440757751
data/original/prymnesiophyceae/D20160706T222908_IFCB107_00589.png,prymnesiophyceae,0.933843195438385
data/original/prymnesiophyceae/D20160706T122505_IFCB107_00260.png,prymnesiophyceae,0.926927924156189
data/original/prymnesiophyceae/D20160706T125255_IFCB107_01296.png,prymnesiophyceae,0.8876755237579346
data/original/prymnesiophyceae/D20160706T045145_IFCB107_00370.png,prymnesiophyceae,0.8780620694160461
data/original/prymnesiophyceae/D20160706T042556_IFCB107_00232.png,prymnesiophyceae,0.8810897469520569
data/original/prymnesiophyceae/D20160707T192444_IFCB107_01008.png,prymnesiophyceae,0.9166942834854126
data/original/prymnesiophyceae/D20160706T222908_IFCB107_00389.png,prymnesiophyceae,0.8953987956047058
data/original/prymnesiophyceae/D20160706T045145_IFCB107_00076.png,prymnesiophyceae,0.8838550448417664
data/original/prymnesiophyceae/D20160706T045145_IFCB107_00250.png,prymnesiophyceae,0.8914425373077393
data/original/prymnesiophyceae/D20160706T045145_IFCB107_00405.png,prymnesiophyceae,0.9002156257629395
data/original/prymnesiophyceae/D20160705T223623_IFCB107_00276.png,prymnesiophyceae,0.8885624408721924
data/original/prymnesiophyceae/D20160705T205351_IFCB107_00411.png,prymnesiophyceae,0.8715119361877441
data/original/prymnesiophyceae/D20160706T045145_IFCB107_00153.png,prymnesiophyceae,0.8785289525985718
data/original/prymnesiophyceae/D20160705T214443_IFCB107_00307.png,prymnesiophyceae,0.8790363669395447
data/original/prymnesiophyceae/D20160707T224232_IFCB107_00043.png,prymnesiophyceae,0.9224656224250793
data/original/prymnesiophyceae/D20160705T202753_IFCB107_00772.png,prymnesiophyceae,0.8826285600662231
data/original/prymnesiophyceae/D20160706T183147_IFCB107_00242.png,prymnesiophyceae,0.9069196581840515
data/original/prymnesiophyceae/D20160705T202753_IFCB107_00363.png,prymnesiophyceae,0.9378278255462646
data/original/prymnesiophyceae/D20160706T042556_IFCB107_00153.png,prymnesiophyceae,0.9055705666542053
data/original/prymnesiophyceae/D20160705T214443_IFCB107_01060.png,prymnesiophyceae,0.9179689884185791
data/original/prymnesiophyceae/D20160706T042556_IFCB107_00791.png,prymnesiophyceae,0.9315089583396912
data/original/prymnesiophyceae/D20160706T042556_IFCB107_00918.png,prymnesiophyceae,0.8651060461997986
data/original/prymnesiophyceae/D20160705T232635_IFCB107_00321.png,prymnesiophyceae,0.8888814449310303
data/original/prymnesiophyceae/D20160705T232635_IFCB107_00031.png,prymnesiophyceae,0.8959726691246033
data/original/prymnesiophyceae/D20160706T134338_IFCB107_00397.png,prymnesiophyceae,0.9085224866867065
data/original/prymnesiophyceae/D20160706T225526_IFCB107_00696.png,prymnesiophyceae,0.865083634853363
data/original/prymnesiophyceae/D20160705T214443_IFCB107_00479.png,prymnesiophyceae,0.9087846875190735
data/original/prymnesiophyceae/D20160707T192444_IFCB107_00832.png,prymnesiophyceae,0.9323793649673462
data/original/prymnesiophyceae/D20160705T223623_IFCB107_00140.png,prymnesiophyceae,0.8991079330444336
data/original/prymnesiophyceae/D20160706T222908_IFCB107_00737.png,prymnesiophyceae,0.8903045654296875
data/original/prymnesiophyceae/D20160706T195337_IFCB107_02591.png,prymnesiophyceae,0.889155924320221
data/original/prymnesiophyceae/D20160706T030152_IFCB107_00078.png,prymnesiophyceae,0.9335524439811707
data/original/prymnesiophyceae/D20160706T222908_IFCB107_00379.png,prymnesiophyceae,0.9038267135620117
data/original/prymnesiophyceae/D20160707T161116_IFCB107_00019.png,prymnesiophyceae,0.9009160995483398
data/original/prymnesiophyceae/D20160705T205351_IFCB107_00553.png,prymnesiophyceae,0.8920729756355286
data/original/prymnesiophyceae/D20160706T134338_IFCB107_00503.png,prymnesiophyceae,0.9040327072143555
data/original/prymnesiophyceae/D20160706T042556_IFCB107_00845.png,prymnesiophyceae,0.8996168971061707
data/original/prymnesiophyceae/D20160706T035615_IFCB107_00577.png,prymnesiophyceae,0.8742086291313171
data/original/prymnesiophyceae/D20160707T224232_IFCB107_00319.png,prymnesiophyceae,0.8899288177490234
data/original/prymnesiophyceae/D20160707T185653_IFCB107_00514.png,prymnesiophyceae,0.8733488321304321
data/original/prymnesiophyceae/D20160706T045145_IFCB107_00169.png,prymnesiophyceae,0.9060384035110474
data/original/prymnesiophyceae/D20160706T042556_IFCB107_00081.png,prymnesiophyceae,0.8738174438476562
data/original/prymnesiophyceae/D20160706T045145_IFCB107_00749.png,prymnesiophyceae,0.8881174921989441
data/original/prymnesiophyceae/D20160705T202753_IFCB107_00674.png,prymnesiophyceae,0.9168506860733032
data/original/prymnesiophyceae/D20160705T232635_IFCB107_00367.png,prymnesiophyceae,0.906520426273346
data/original/prymnesiophyceae/D20160706T042556_IFCB107_00291.png,prymnesiophyceae,0.8863799571990967
data/original/prymnesiophyceae/D20160706T042556_IFCB107_00851.png,prymnesiophyceae,0.8777788877487183
data/original/prymnesiophyceae/D20160707T194948_IFCB107_00696.png,prymnesiophyceae,0.9078472256660461
data/original/prymnesiophyceae/D20160707T161116_IFCB107_00378.png,prymnesiophyceae,0.8768318891525269
data/original/prymnesiophyceae/D20160706T234838_IFCB107_00036.png,prymnesiophyceae,0.8742635846138
data/original/prymnesiophyceae/D20160706T222908_IFCB107_00324.png,prymnesiophyceae,0.869814932346344
data/original/prymnesiophyceae/D20160706T225526_IFCB107_00083.png,prymnesiophyceae,0.9391244649887085
data/original/prymnesiophyceae/D20160707T161116_IFCB107_00320.png,prymnesiophyceae,0.8621450066566467
data/original/prymnesiophyceae/D20160706T234838_IFCB107_00093.png,prymnesiophyceae,0.8941469788551331
data/original/prymnesiophyceae/D20160707T185653_IFCB107_00455.png,prymnesiophyceae,0.9124478697776794
data/original/prymnesiophyceae/D20160706T125255_IFCB107_01196.png,prymnesiophyceae,0.9366247653961182
data/original/prymnesiophyceae/D20160705T202753_IFCB107_01144.png,prymnesiophyceae,0.9135855436325073
data/original/prymnesiophyceae/D20160705T205351_IFCB107_00678.png,prymnesiophyceae,0.8638772368431091
data/original/prymnesiophyceae/D20160705T202753_IFCB107_00306.png,prymnesiophyceae,0.8882530927658081
data/original/prymnesiophyceae/D20160705T214443_IFCB107_00052.png,prymnesiophyceae,0.9008151888847351
data/original/prymnesiophyceae/D20160706T045145_IFCB107_00784.png,prymnesiophyceae,0.8850029706954956
data/original/prymnesiophyceae/D20160707T161116_IFCB107_00355.png,prymnesiophyceae,0.8760188817977905
data/original/prymnesiophyceae/D20160706T220341_IFCB107_00490.png,prymnesiophyceae,0.9562763571739197
data/original/prymnesiophyceae/D20160706T042556_IFCB107_00372.png,prymnesiophyceae,0.8843400478363037
data/original/prymnesiophyceae/D20160706T042556_IFCB107_00058.png,prymnesiophyceae,0.9067777395248413
data/original/prymnesiophyceae/D20160705T214443_IFCB107_01078.png,prymnesiophyceae,0.8892940878868103
data/original/prymnesiophyceae/D20160705T202753_IFCB107_00761.png,prymnesiophyceae,0.8754671216011047
data/original/prymnesiophyceae/D20160705T214443_IFCB107_00200.png,prymnesiophyceae,0.8990048766136169
data/original/prymnesiophyceae/D20160705T202753_IFCB107_00297.png,prymnesiophyceae,0.9012734293937683
data/original/prymnesiophyceae/D20160706T045145_IFCB107_00108.png,prymnesiophyceae,0.9219743013381958
data/original/prymnesiophyceae/D20160705T202753_IFCB107_01718.png,prymnesiophyceae,0.9163601398468018
data/original/prymnesiophyceae/D20160705T232635_IFCB107_00280.png,prymnesiophyceae,0.8621359467506409
data/original/prymnesiophyceae/D20160705T205351_IFCB107_00315.png,prymnesiophyceae,0.8826579451560974
data/original/prymnesiophyceae/D20160706T045145_IFCB107_00029.png,prymnesiophyceae,0.9261479377746582
data/original/prymnesiophyceae/D20160706T023442_IFCB107_00027.png,prymnesiophyceae,0.9248294234275818
data/original/prymnesiophyceae/D20160707T161116_IFCB107_00407.png,prymnesiophyceae,0.8687905669212341
data/original/prymnesiophyceae/D20160706T045145_IFCB107_00111.png,prymnesiophyceae,0.9306077361106873
data/original/prymnesiophyceae/D20160706T045145_IFCB107_00525.png,prymnesiophyceae,0.9076356887817383
data/original/prymnesiophyceae/D20160705T202753_IFCB107_00559.png,prymnesiophyceae,0.919307291507721
data/original/prymnesiophyceae/D20160706T163523_IFCB107_00323.png,prymnesiophyceae,0.8814802765846252
data/original/prymnesiophyceae/D20160705T223623_IFCB107_00044.png,prymnesiophyceae,0.907811164855957
data/original/prymnesiophyceae/D20160706T234838_IFCB107_00277.png,prymnesiophyceae,0.8962108492851257
data/original/prymnesiophyceae/D20160705T202753_IFCB107_00254.png,prymnesiophyceae,0.9042931795120239
data/original/prymnesiophyceae/D20160707T192444_IFCB107_01593.png,prymnesiophyceae,0.9325353503227234
data/original/prymnesiophyceae/D20160706T042556_IFCB107_00691.png,prymnesiophyceae,0.8728350400924683
data/original/prymnesiophyceae/D20160706T042556_IFCB107_01005.png,prymnesiophyceae,0.9077346920967102
data/original/prymnesiophyceae/D20160706T042556_IFCB107_00701.png,prymnesiophyceae,0.9153176546096802
data/original/prymnesiophyceae/D20160705T205351_IFCB107_00214.png,prymnesiophyceae,0.885928213596344
data/original/prymnesiophyceae/D20160706T045145_IFCB107_00204.png,prymnesiophyceae,0.8738998174667358
data/original/prymnesiophyceae/D20160706T134338_IFCB107_00423.png,prymnesiophyceae,0.9046501517295837
data/original/prymnesiophyceae/D20160705T214443_IFCB107_00385.png,prymnesiophyceae,0.9014206528663635
data/original/prymnesiophyceae/D20160706T122505_IFCB107_00137.png,prymnesiophyceae,0.8967333436012268
data/original/prymnesiophyceae/D20160705T232635_IFCB107_00037.png,prymnesiophyceae,0.9301614761352539
data/original/prymnesiophyceae/D20160705T221017_IFCB107_00359.png,prymnesiophyceae,0.8705272674560547
data/original/prymnesiophyceae/D20160705T205351_IFCB107_00025.png,prymnesiophyceae,0.889204740524292
data/original/prymnesiophyceae/D20160707T224232_IFCB107_00013.png,prymnesiophyceae,0.9094371199607849
data/original/prymnesiophyceae/D20160705T221017_IFCB107_00406.png,prymnesiophyceae,0.8973477482795715
data/original/prymnesiophyceae/D20160705T232635_IFCB107_00451.png,prymnesiophyceae,0.9404926896095276
data/original/prymnesiophyceae/D20160706T042556_IFCB107_00333.png,prymnesiophyceae,0.8793285489082336
data/original/prymnesiophyceae/D20160705T202753_IFCB107_00631.png,prymnesiophyceae,0.8985005617141724
data/original/prymnesiophyceae/D20160705T221017_IFCB107_00342.png,prymnesiophyceae,0.9169345498085022
data/original/prymnesiophyceae/D20160706T042556_IFCB107_00801.png,prymnesiophyceae,0.899285614490509
data/original/prymnesiophyceae/D20160706T045145_IFCB107_00522.png,prymnesiophyceae,0.8878408670425415
data/original/prymnesiophyceae/D20160705T202753_IFCB107_00068.png,prymnesiophyceae,0.9002613425254822
data/original/prymnesiophyceae/D20160706T045145_IFCB107_00778.png,prymnesiophyceae,0.908647358417511
data/original/prymnesiophyceae/D20160706T220341_IFCB107_01690.png,prymnesiophyceae,0.9056522250175476
data/original/prymnesiophyceae/D20160705T205351_IFCB107_00257.png,prymnesiophyceae,0.9083596467971802
data/original/prymnesiophyceae/D20160705T202753_IFCB107_00946.png,prymnesiophyceae,0.8952709436416626
data/original/prymnesiophyceae/D20160705T205351_IFCB107_00303.png,prymnesiophyceae,0.8455712795257568
data/original/prymnesiophyceae/D20160706T174221_IFCB107_00105.png,prymnesiophyceae,0.8971402049064636
data/original/prymnesiophyceae/D20160707T192444_IFCB107_00068.png,prymnesiophyceae,0.8751893639564514
data/original/prymnesiophyceae/D20160706T042556_IFCB107_00067.png,prymnesiophyceae,0.8937704563140869
data/original/prymnesiophyceae/D20160707T224232_IFCB107_00487.png,prymnesiophyceae,0.9136916995048523
data/original/prymnesiophyceae/D20160705T202753_IFCB107_00495.png,prymnesiophyceae,0.8880996108055115
data/original/prymnesiophyceae/D20160706T140828_IFCB107_00015.png,prymnesiophyceae,0.9078399538993835
data/original/prymnesiophyceae/D20160707T194948_IFCB107_00961.png,prymnesiophyceae,0.8619701266288757
data/original/prymnesiophyceae/D20160707T005822_IFCB107_00009.png,prymnesiophyceae,0.887161910533905
data/original/prymnesiophyceae/D20160705T232635_IFCB107_00387.png,prymnesiophyceae,0.8889753818511963
data/original/prymnesiophyceae/D20160707T194948_IFCB107_00260.png,prymnesiophyceae,0.8891348838806152
data/original/prymnesiophyceae/D20160707T233701_IFCB107_00250.png,prymnesiophyceae,0.8987648487091064
data/original/prymnesiophyceae/D20160705T232635_IFCB107_00314.png,prymnesiophyceae,0.887130856513977
data/original/prymnesiophyceae/D20160705T223623_IFCB107_01764.png,prymnesiophyceae,0.8762954473495483
data/original/prymnesiophyceae/D20160706T052840_IFCB107_00121.png,prymnesiophyceae,0.8484417200088501
data/original/prymnesiophyceae/D20160706T122505_IFCB107_00375.png,prymnesiophyceae,0.8912611603736877
data/original/prymnesiophyceae/D20160707T161116_IFCB107_00127.png,prymnesiophyceae,0.860823392868042
data/original/prymnesiophyceae/D20160705T202753_IFCB107_00431.png,prymnesiophyceae,0.9128440618515015
data/original/prymnesiophyceae/D20160705T221017_IFCB107_00100.png,prymnesiophyceae,0.8884372711181641
data/original/prymnesiophyceae/D20160707T221226_IFCB107_00342.png,prymnesiophyceae,0.9127376079559326
data/original/prymnesiophyceae/D20160705T223623_IFCB107_00454.png,prymnesiophyceae,0.9131825566291809
data/original/prymnesiophyceae/D20160707T152538_IFCB107_00367.png,prymnesiophyceae,0.8612040281295776
data/original/prymnesiophyceae/D20160707T192444_IFCB107_00453.png,prymnesiophyceae,0.8859731554985046
data/original/prymnesiophyceae/D20160705T205351_IFCB107_00591.png,prymnesiophyceae,0.9137164950370789
data/original/prymnesiophyceae/D20160705T202753_IFCB107_00793.png,prymnesiophyceae,0.8987460732460022
data/original/prymnesiophyceae/D20160705T232635_IFCB107_00522.png,prymnesiophyceae,0.9105409383773804
data/original/prymnesiophyceae/D20160706T042556_IFCB107_00277.png,prymnesiophyceae,0.8925626277923584
data/original/prymnesiophyceae/D20160706T042556_IFCB107_00754.png,prymnesiophyceae,0.8759543895721436
data/original/prymnesiophyceae/D20160705T202753_IFCB107_00147.png,prymnesiophyceae,0.8814563751220703
data/original/prymnesiophyceae/D20160706T045145_IFCB107_00262.png,prymnesiophyceae,0.8972412347793579
data/original/prymnesiophyceae/D20160705T205351_IFCB107_00015.png,prymnesiophyceae,0.8930728435516357
data/original/prymnesiophyceae/D20160705T232635_IFCB107_00378.png,prymnesiophyceae,0.9061416387557983
data/original/prymnesiophyceae/D20160706T045145_IFCB107_00831.png,prymnesiophyceae,0.8494017720222473
data/original/prymnesiophyceae/D20160706T220341_IFCB107_00572.png,prymnesiophyceae,0.9274858832359314
data/original/prymnesiophyceae/D20160706T195337_IFCB107_00217.png,prymnesiophyceae,0.8741502165794373
data/original/prymnesiophyceae/D20160706T220341_IFCB107_00512.png,prymnesiophyceae,0.8842299580574036
data/original/prymnesiophyceae/D20160706T163523_IFCB107_00277.png,prymnesiophyceae,0.8578523397445679
data/original/prymnesiophyceae/D20160705T230123_IFCB107_00098.png,prymnesiophyceae,0.9064763188362122
data/original/prymnesiophyceae/D20160707T192444_IFCB107_00377.png,prymnesiophyceae,0.908228874206543
data/original/prymnesiophyceae/D20160705T221017_IFCB107_00435.png,prymnesiophyceae,0.9018012881278992
data/original/prymnesiophyceae/D20160706T042556_IFCB107_00936.png,prymnesiophyceae,0.9050413966178894
data/original/prymnesiophyceae/D20160705T214443_IFCB107_01055.png,prymnesiophyceae,0.9052612781524658
data/original/prymnesiophyceae/D20160707T221226_IFCB107_00020.png,prymnesiophyceae,0.8711748719215393
data/original/prymnesiophyceae/D20160705T214443_IFCB107_00512.png,prymnesiophyceae,0.9104198217391968
data/original/prymnesiophyceae/D20160706T160929_IFCB107_00057.png,prymnesiophyceae,0.8925814628601074
data/original/prymnesiophyceae/D20160706T045145_IFCB107_00400.png,prymnesiophyceae,0.8804179430007935
data/original/prymnesiophyceae/D20160706T134338_IFCB107_00137.png,prymnesiophyceae,0.8892450928688049
data/original/prymnesiophyceae/D20160706T140828_IFCB107_00316.png,prymnesiophyceae,0.9142189621925354
data/original/prymnesiophyceae/D20160705T205351_IFCB107_00047.png,prymnesiophyceae,0.88407301902771
data/original/prymnesiophyceae/D20160706T220341_IFCB107_01397.png,prymnesiophyceae,0.9246683716773987
data/original/prymnesiophyceae/D20160706T042556_IFCB107_00089.png,prymnesiophyceae,0.8881158828735352
data/original/prymnesiophyceae/D20160705T205351_IFCB107_00288.png,prymnesiophyceae,0.8772584199905396
data/original/prymnesiophyceae/D20160705T202753_IFCB107_00460.png,prymnesiophyceae,0.8955062031745911
data/original/prymnesiophyceae/D20160705T205351_IFCB107_00488.png,prymnesiophyceae,0.9075043201446533
data/original/prymnesiophyceae/D20160705T232635_IFCB107_00438.png,prymnesiophyceae,0.925262987613678
data/original/prymnesiophyceae/D20160705T202753_IFCB107_00847.png,prymnesiophyceae,0.8826489448547363
data/original/prymnesiophyceae/D20160707T201526_IFCB107_00243.png,prymnesiophyceae,0.9224528074264526
data/original/prymnesiophyceae/D20160706T045145_IFCB107_00610.png,prymnesiophyceae,0.9060811400413513
data/original/prymnesiophyceae/D20160706T045145_IFCB107_00580.png,prymnesiophyceae,0.9056476950645447
data/original/prymnesiophyceae/D20160705T205351_IFCB107_00335.png,prymnesiophyceae,0.8693555593490601
data/original/prymnesiophyceae/D20160705T214443_IFCB107_00079.png,prymnesiophyceae,0.9092138409614563
data/original/prymnesiophyceae/D20160706T045145_IFCB107_00684.png,prymnesiophyceae,0.8774215579032898
data/original/prymnesiophyceae/D20160706T140828_IFCB107_00109.png,prymnesiophyceae,0.8803368806838989
data/original/prymnesiophyceae/D20160706T122505_IFCB107_02800.png,prymnesiophyceae,0.8881712555885315
data/original/prymnesiophyceae/D20160705T205351_IFCB107_00396.png,prymnesiophyceae,0.8651524186134338
data/original/prymnesiophyceae/D20160707T161116_IFCB107_00116.png,prymnesiophyceae,0.8921031355857849
data/original/prymnesiophyceae/D20160705T205351_IFCB107_00208.png,prymnesiophyceae,0.871198296546936
data/original/prymnesiophyceae/D20160706T023442_IFCB107_00062.png,prymnesiophyceae,0.8833443522453308
data/original/prymnesiophyceae/D20160706T042556_IFCB107_00287.png,prymnesiophyceae,0.8845847845077515
data/original/prymnesiophyceae/D20160705T202753_IFCB107_00855.png,prymnesiophyceae,0.9047614336013794
data/original/prymnesiophyceae/D20160706T045145_IFCB107_00795.png,prymnesiophyceae,0.8876064419746399
data/original/prymnesiophyceae/D20160706T045145_IFCB107_00973.png,prymnesiophyceae,0.9021260142326355
